r53_Name,r53_ResourceRecordsValue
gds-accounting-prod-ro.prod.us-west-1.aws.groupondev.com,accounting-prod.cluster-ro-czlsgz0xic0p.us-west-1.rds.amazonaws.com
gds-accounting-prod-rw.prod.us-west-1.aws.groupondev.com,accounting-prod.cluster-czlsgz0xic0p.us-west-1.rds.amazonaws.com
gds-ad-inv-serv-prod-ro.prod.us-west-1.aws.groupondev.com,ad-inv-serv-prod.cluster-ro-czlsgz0xic0p.us-west-1.rds.amazonaws.com
gds-ad-inv-serv-prod-rw.prod.us-west-1.aws.groupondev.com,ad-inv-serv-prod.cluster-czlsgz0xic0p.us-west-1.rds.amazonaws.com
gds-ada-prod-ro.prod.us-west-1.aws.groupondev.com,ada-prod-1.czlsgz0xic0p.us-west-1.rds.amazonaws.com
gds-ada-prod-rw.prod.us-west-1.aws.groupondev.com,ada-prod.czlsgz0xic0p.us-west-1.rds.amazonaws.com
gds-affiliate-track-prod-ro.prod.us-west-1.aws.groupondev.com,affiliate-track-prod.cluster-ro-czlsgz0xic0p.us-west-1.rds.amazonaws.com
gds-affiliate-track-prod-rw.prod.us-west-1.aws.groupondev.com,affiliate-track-prod.cluster-czlsgz0xic0p.us-west-1.rds.amazonaws.com
gds-affiliateprograms-prod-ro.prod.us-west-1.aws.groupondev.com,affiliateprograms-prod.cluster-ro-czlsgz0xic0p.us-west-1.rds.amazonaws.com
gds-affiliateprograms-prod-rw.prod.us-west-1.aws.groupondev.com,affiliateprograms-prod.cluster-czlsgz0xic0p.us-west-1.rds.amazonaws.com
gds-ambari-sac1-prod-ro.prod.us-west-1.aws.groupondev.com,ambari-sac1-prod-1.czlsgz0xic0p.us-west-1.rds.amazonaws.com
gds-ambari-sac1-prod-rw.prod.us-west-1.aws.groupondev.com,ambari-sac1-prod.czlsgz0xic0p.us-west-1.rds.amazonaws.com
gds-ambari-sac1-sox-prod-ro.prod.us-west-1.aws.groupondev.com,ambari-sac1-sox-prod-1.czlsgz0xic0p.us-west-1.rds.amazonaws.com
gds-ambari-sac1-sox-prod-rw.prod.us-west-1.aws.groupondev.com,ambari-sac1-sox-prod.czlsgz0xic0p.us-west-1.rds.amazonaws.com
gds-ambari-sox-prod-ro.prod.us-west-1.aws.groupondev.com,ambari-sox-prod-1.czlsgz0xic0p.us-west-1.rds.amazonaws.com
gds-ambari-sox-prod-rw.prod.us-west-1.aws.groupondev.com,ambari-sox-prod.czlsgz0xic0p.us-west-1.rds.amazonaws.com
gds-analytics-prod-ro.prod.us-west-1.aws.groupondev.com,analytics-prod.cluster-ro-czlsgz0xic0p.us-west-1.rds.amazonaws.com
gds-analytics-prod-rw.prod.us-west-1.aws.groupondev.com,analytics-prod.cluster-czlsgz0xic0p.us-west-1.rds.amazonaws.com
gds-arbitration-service-prod-ro.prod.us-west-1.aws.groupondev.com,arbitration-service-prod-1.czlsgz0xic0p.us-west-1.rds.amazonaws.com
gds-arbitration-service-prod-ro.prod.us-west-1.aws.groupondev.com,arbitration-service-prod-2.czlsgz0xic0p.us-west-1.rds.amazonaws.com
gds-arbitration-service-prod-ro.prod.us-west-1.aws.groupondev.com,arbitration-service-prod-3.czlsgz0xic0p.us-west-1.rds.amazonaws.com
gds-backbeat-acct-prod-ro.prod.us-west-1.aws.groupondev.com,backbeat-acct-prod-1.czlsgz0xic0p.us-west-1.rds.amazonaws.com
gds-backbeat-acct-prod-rw.prod.us-west-1.aws.groupondev.com,backbeat-acct-prod.czlsgz0xic0p.us-west-1.rds.amazonaws.com
gds-be-3rd-party-prod-ro.prod.us-west-1.aws.groupondev.com,be-3rd-party-prod.cluster-ro-czlsgz0xic0p.us-west-1.rds.amazonaws.com
gds-be-3rd-party-prod-rw.prod.us-west-1.aws.groupondev.com,be-3rd-party-prod.cluster-czlsgz0xic0p.us-west-1.rds.amazonaws.com
gds-bhuvan-prod-ro.prod.us-west-1.aws.groupondev.com,bhuvan-prod-1.czlsgz0xic0p.us-west-1.rds.amazonaws.com
gds-bhuvan-prod-ro.prod.us-west-1.aws.groupondev.com,bhuvan-prod-2.czlsgz0xic0p.us-west-1.rds.amazonaws.com
gds-bhuvan-prod-ro.prod.us-west-1.aws.groupondev.com,bhuvan-prod-3.czlsgz0xic0p.us-west-1.rds.amazonaws.com
gds-bhuvan-prod-ro.prod.us-west-1.aws.groupondev.com,bhuvan-prod-4.czlsgz0xic0p.us-west-1.rds.amazonaws.com
gds-bhuvan-prod-rw.prod.us-west-1.aws.groupondev.com,bhuvan-prod.czlsgz0xic0p.us-west-1.rds.amazonaws.com
gds-billing-record-prod-ro.prod.us-west-1.aws.groupondev.com,billing-record-prod-1.czlsgz0xic0p.us-west-1.rds.amazonaws.com
gds-billing-record-prod-rw.prod.us-west-1.aws.groupondev.com,billing-record-prod.czlsgz0xic0p.us-west-1.rds.amazonaws.com
gds-birdcage-dw-prod-ro.prod.us-west-1.aws.groupondev.com,birdcage-dw-prod.cluster-ro-czlsgz0xic0p.us-west-1.rds.amazonaws.com
gds-birdcage-dw-prod-rw.prod.us-west-1.aws.groupondev.com,birdcage-dw-prod.cluster-czlsgz0xic0p.us-west-1.rds.amazonaws.com
gds-birdcage-prod-ro.prod.us-west-1.aws.groupondev.com,birdcage-prod.cluster-ro-czlsgz0xic0p.us-west-1.rds.amazonaws.com
gds-birdcage-prod-rw.prod.us-west-1.aws.groupondev.com,birdcage-prod.cluster-czlsgz0xic0p.us-west-1.rds.amazonaws.com
gds-booking-appointment-prod-ro.prod.us-west-1.aws.groupondev.com,booking-appointment-prod.cluster-ro-czlsgz0xic0p.us-west-1.rds.amazonaws.com
gds-booking-appointment-prod-rw.prod.us-west-1.aws.groupondev.com,booking-appointment-prod.cluster-czlsgz0xic0p.us-west-1.rds.amazonaws.com
gds-booking-avail-prod-ro.prod.us-west-1.aws.groupondev.com,booking-avail-prod.cluster-ro-czlsgz0xic0p.us-west-1.rds.amazonaws.com
gds-booking-avail-prod-rw.prod.us-west-1.aws.groupondev.com,booking-avail-prod.cluster-czlsgz0xic0p.us-west-1.rds.amazonaws.com
gds-booking-notify-prod-ro.prod.us-west-1.aws.groupondev.com,booking-notify-prod.cluster-ro-czlsgz0xic0p.us-west-1.rds.amazonaws.com
gds-booking-notify-prod-rw.prod.us-west-1.aws.groupondev.com,booking-notify-prod.cluster-czlsgz0xic0p.us-west-1.rds.amazonaws.com
gds-booking-tool-prod-ro.prod.us-west-1.aws.groupondev.com,booking-tool-prod.cluster-ro-czlsgz0xic0p.us-west-1.rds.amazonaws.com
gds-booking-tool-prod-rw.prod.us-west-1.aws.groupondev.com,booking-tool-prod.cluster-czlsgz0xic0p.us-west-1.rds.amazonaws.com
gds-brands-prod-ro.prod.us-west-1.aws.groupondev.com,brands-prod-1.czlsgz0xic0p.us-west-1.rds.amazonaws.com
gds-brands-prod-rw.prod.us-west-1.aws.groupondev.com,brands-prod.czlsgz0xic0p.us-west-1.rds.amazonaws.com
gds-campaign-alert-prod-ro.prod.us-west-1.aws.groupondev.com,campaign-alert-prod-1.czlsgz0xic0p.us-west-1.rds.amazonaws.com
gds-campaign-alert-prod-rw.prod.us-west-1.aws.groupondev.com,campaign-alert-prod.czlsgz0xic0p.us-west-1.rds.amazonaws.com
gds-campaign-perform-prod-ro.prod.us-west-1.aws.groupondev.com,campaign-perform-prod-1.czlsgz0xic0p.us-west-1.rds.amazonaws.com
gds-campaign-perform-prod-rw.prod.us-west-1.aws.groupondev.com,campaign-perform-prod.czlsgz0xic0p.us-west-1.rds.amazonaws.com
gds-card-purge-batch-prod-ro.prod.us-west-1.aws.groupondev.com,card-purge-batch-prod.cluster-ro-czlsgz0xic0p.us-west-1.rds.amazonaws.com
gds-card-purge-batch-prod-rw.prod.us-west-1.aws.groupondev.com,card-purge-batch-prod.cluster-czlsgz0xic0p.us-west-1.rds.amazonaws.com
gds-cerebro-ranger-prod-ro.prod.us-west-1.aws.groupondev.com,cerebro-ranger-prod.cluster-ro-czlsgz0xic0p.us-west-1.rds.amazonaws.com
gds-cerebro-ranger-prod-rw.prod.us-west-1.aws.groupondev.com,cerebro-ranger-prod.cluster-czlsgz0xic0p.us-west-1.rds.amazonaws.com
gds-cerebro2-hive-prod-ro.prod.us-west-1.aws.groupondev.com,cerebro2-hive-prod.cluster-ro-czlsgz0xic0p.us-west-1.rds.amazonaws.com
gds-cerebro2-hive-prod-rw.prod.us-west-1.aws.groupondev.com,cerebro2-hive-prod.cluster-czlsgz0xic0p.us-west-1.rds.amazonaws.com
gds-cerebro2-hue-prod-ro.prod.us-west-1.aws.groupondev.com,cerebro2-hue-prod.cluster-ro-czlsgz0xic0p.us-west-1.rds.amazonaws.com
gds-cerebro2-hue-prod-rw.prod.us-west-1.aws.groupondev.com,cerebro2-hue-prod.cluster-czlsgz0xic0p.us-west-1.rds.amazonaws.com
gds-cerebro2oozie-prod-ro.prod.us-west-1.aws.groupondev.com,cerebro2oozie-prod.cluster-ro-czlsgz0xic0p.us-west-1.rds.amazonaws.com
gds-cerebro2oozie-prod-rw.prod.us-west-1.aws.groupondev.com,cerebro2oozie-prod.cluster-czlsgz0xic0p.us-west-1.rds.amazonaws.com
gds-checkoff-prod-ro.prod.us-west-1.aws.groupondev.com,checkoff-prod-1.czlsgz0xic0p.us-west-1.rds.amazonaws.com
gds-checkoff-prod-rw.prod.us-west-1.aws.groupondev.com,checkoff-prod.czlsgz0xic0p.us-west-1.rds.amazonaws.com
gds-client-id-prod-ro.prod.us-west-1.aws.groupondev.com,client-id-prod.cluster-ro-czlsgz0xic0p.us-west-1.rds.amazonaws.com
gds-client-id-prod-rw.prod.us-west-1.aws.groupondev.com,client-id-prod.cluster-czlsgz0xic0p.us-west-1.rds.amazonaws.com
gds-clo-cis-prod-ro.prod.us-west-1.aws.groupondev.com,clo-cis-prod-1.czlsgz0xic0p.us-west-1.rds.amazonaws.com
gds-clo-cis-prod-rw.prod.us-west-1.aws.groupondev.com,clo-cis-prod.czlsgz0xic0p.us-west-1.rds.amazonaws.com
gds-clo-service-prod-ro.prod.us-west-1.aws.groupondev.com,clo-service-prod-1.czlsgz0xic0p.us-west-1.rds.amazonaws.com
gds-clo-service-prod-rw.prod.us-west-1.aws.groupondev.com,clo-service-prod.czlsgz0xic0p.us-west-1.rds.amazonaws.com
gds-cmi-travelclick-prod-ro.prod.us-west-1.aws.groupondev.com,cmi-travelclick-prod.cluster-ro-czlsgz0xic0p.us-west-1.rds.amazonaws.com
gds-cmi-travelclick-prod-rw.prod.us-west-1.aws.groupondev.com,cmi-travelclick-prod.cluster-czlsgz0xic0p.us-west-1.rds.amazonaws.com
gds-command-center-prod-ro.prod.us-west-1.aws.groupondev.com,command-center-prod.cluster-ro-czlsgz0xic0p.us-west-1.rds.amazonaws.com
gds-command-center-prod-rw.prod.us-west-1.aws.groupondev.com,command-center-prod.cluster-czlsgz0xic0p.us-west-1.rds.amazonaws.com
gds-confluence-prod-ro.prod.us-west-1.aws.groupondev.com,confluence-prod.cluster-ro-czlsgz0xic0p.us-west-1.rds.amazonaws.com
gds-confluence-prod-rw.prod.us-west-1.aws.groupondev.com,confluence-prod.cluster-czlsgz0xic0p.us-west-1.rds.amazonaws.com
gds-cons-data-svc-prod-ro.prod.us-west-1.aws.groupondev.com,cons-data-svc-prod.cluster-ro-czlsgz0xic0p.us-west-1.rds.amazonaws.com
gds-cons-data-svc-prod-rw.prod.us-west-1.aws.groupondev.com,cons-data-svc-prod.cluster-czlsgz0xic0p.us-west-1.rds.amazonaws.com
gds-contract-service-prod-ro.prod.us-west-1.aws.groupondev.com,contract-service-prod.cluster-ro-czlsgz0xic0p.us-west-1.rds.amazonaws.com
gds-contract-service-prod-rw.prod.us-west-1.aws.groupondev.com,contract-service-prod.cluster-czlsgz0xic0p.us-west-1.rds.amazonaws.com
gds-control-center-ro.prod.us-west-1.aws.groupondev.com,pg-noncore-us-052-prod-1.czlsgz0xic0p.us-west-1.rds.amazonaws.com
gds-control-center-rw.prod.us-west-1.aws.groupondev.com,pg-noncore-us-052-prod.czlsgz0xic0p.us-west-1.rds.amazonaws.com
gds-coupon-prod-ro.prod.us-west-1.aws.groupondev.com,coupon-prod.cluster-ro-czlsgz0xic0p.us-west-1.rds.amazonaws.com
gds-coupon-prod-rw.prod.us-west-1.aws.groupondev.com,coupon-prod.cluster-czlsgz0xic0p.us-west-1.rds.amazonaws.com
gds-coupons-inventory-prod-ro.prod.us-west-1.aws.groupondev.com,coupons-inventory-prod-1.czlsgz0xic0p.us-west-1.rds.amazonaws.com
gds-coupons-inventory-prod-rw.prod.us-west-1.aws.groupondev.com,coupons-inventory-prod.czlsgz0xic0p.us-west-1.rds.amazonaws.com
gds-coupons_prod-ro.prod.us-west-1.aws.groupondev.com,coupons-prod.cluster-ro-czlsgz0xic0p.us-west-1.rds.amazonaws.com
gds-coupons_prod-rw.prod.us-west-1.aws.groupondev.com,coupons-prod.cluster-czlsgz0xic0p.us-west-1.rds.amazonaws.com
gds-crm-message-prod-ro.prod.us-west-1.aws.groupondev.com,crm-message-prod.cluster-ro-czlsgz0xic0p.us-west-1.rds.amazonaws.com
gds-crm-message-prod-rw.prod.us-west-1.aws.groupondev.com,crm-message-prod.cluster-czlsgz0xic0p.us-west-1.rds.amazonaws.com
gds-cscs-prod-ro.prod.us-west-1.aws.groupondev.com,cscs-prod.cluster-ro-czlsgz0xic0p.us-west-1.rds.amazonaws.com
gds-cscs-prod-rw.prod.us-west-1.aws.groupondev.com,cscs-prod.cluster-czlsgz0xic0p.us-west-1.rds.amazonaws.com
gds-customfieldapp-prod-ro.prod.us-west-1.aws.groupondev.com,customfieldapp-prod-1.czlsgz0xic0p.us-west-1.rds.amazonaws.com
gds-customfieldapp-prod-rw.prod.us-west-1.aws.groupondev.com,customfieldapp-prod.czlsgz0xic0p.us-west-1.rds.amazonaws.com
gds-cyclops-prod-ro.prod.us-west-1.aws.groupondev.com,cyclops-prod.cluster-ro-czlsgz0xic0p.us-west-1.rds.amazonaws.com
gds-cyclops-prod-rw.prod.us-west-1.aws.groupondev.com,cyclops-prod.cluster-czlsgz0xic0p.us-west-1.rds.amazonaws.com
gds-darwin-prod-ro.prod.us-west-1.aws.groupondev.com,darwin-prod-1.czlsgz0xic0p.us-west-1.rds.amazonaws.com
gds-darwin-prod-rw.prod.us-west-1.aws.groupondev.com,darwin-prod.czlsgz0xic0p.us-west-1.rds.amazonaws.com
gds-deal-management-prod-ro.prod.us-west-1.aws.groupondev.com,deal-management-prod.cluster-ro-czlsgz0xic0p.us-west-1.rds.amazonaws.com
gds-deal-management-prod-rw.prod.us-west-1.aws.groupondev.com,deal-management-prod.cluster-czlsgz0xic0p.us-west-1.rds.amazonaws.com
gds-deal-perf-v2-prod-ro.prod.us-west-1.aws.groupondev.com,deal-perf-v2-prod-1.czlsgz0xic0p.us-west-1.rds.amazonaws.com
gds-deal-perf-v2-prod-ro.prod.us-west-1.aws.groupondev.com,deal-perf-v2-prod-2.czlsgz0xic0p.us-west-1.rds.amazonaws.com
gds-deal-perf-v2-prod-ro.prod.us-west-1.aws.groupondev.com,deal-perf-v2-prod-3.czlsgz0xic0p.us-west-1.rds.amazonaws.com
gds-deal-perf-v2-prod-rw.prod.us-west-1.aws.groupondev.com,deal-perf-v2-prod.czlsgz0xic0p.us-west-1.rds.amazonaws.com
gds-deal-perf-v2-ro.prod.us-west-1.aws.groupondev.com,deal-perf-v2-prod-1.czlsgz0xic0p.us-west-1.rds.amazonaws.com
gds-deal-perf-v2-ro.prod.us-west-1.aws.groupondev.com,deal-perf-v2-prod-2.czlsgz0xic0p.us-west-1.rds.amazonaws.com
gds-deal-perf-v2-ro.prod.us-west-1.aws.groupondev.com,deal-perf-v2-prod-3.czlsgz0xic0p.us-west-1.rds.amazonaws.com
gds-dealestate-prod-ro.prod.us-west-1.aws.groupondev.com,dealestate-prod.cluster-ro-czlsgz0xic0p.us-west-1.rds.amazonaws.com
gds-dealestate-prod-rw.prod.us-west-1.aws.groupondev.com,dealestate-prod.cluster-czlsgz0xic0p.us-west-1.rds.amazonaws.com
gds-dealservice-prod-archive-ro.prod.us-west-1.aws.groupondev.com,dealservice-prod-archive.cluster-ro-czlsgz0xic0p.us-west-1.rds.amazonaws.com
gds-dealservice-prod-archive-rw.prod.us-west-1.aws.groupondev.com,dealservice-prod-archive.cluster-czlsgz0xic0p.us-west-1.rds.amazonaws.com
gds-dealservice-prod-ro.prod.us-west-1.aws.groupondev.com,dealservice-prod.cluster-ro-czlsgz0xic0p.us-west-1.rds.amazonaws.com
gds-dealservice-prod-rw.prod.us-west-1.aws.groupondev.com,dealservice-prod.cluster-czlsgz0xic0p.us-west-1.rds.amazonaws.com
gds-decision-engine-prod-ro.prod.us-west-1.aws.groupondev.com,decision-engine-prod-1.czlsgz0xic0p.us-west-1.rds.amazonaws.com
gds-decision-engine-prod-rw.prod.us-west-1.aws.groupondev.com,decision-engine-prod.czlsgz0xic0p.us-west-1.rds.amazonaws.com
gds-dsp-airflow-clv-prod-ro.prod.us-west-1.aws.groupondev.com,dsp-airflow-clv-prod-1.czlsgz0xic0p.us-west-1.rds.amazonaws.com
gds-dsp-airflow-clv-prod-rw.prod.us-west-1.aws.groupondev.com,dsp-airflow-clv-prod.czlsgz0xic0p.us-west-1.rds.amazonaws.com
gds-editorial-content-prod-ro.prod.us-west-1.aws.groupondev.com,editorial-content-prod-1.czlsgz0xic0p.us-west-1.rds.amazonaws.com
gds-editorial-content-prod-rw.prod.us-west-1.aws.groupondev.com,editorial-content-prod.czlsgz0xic0p.us-west-1.rds.amazonaws.com
gds-editorial-ro.prod.us-west-1.aws.groupondev.com,editorial.cluster-ro-czlsgz0xic0p.us-west-1.rds.amazonaws.com
gds-editorial-rw.prod.us-west-1.aws.groupondev.com,editorial.cluster-czlsgz0xic0p.us-west-1.rds.amazonaws.com
gds-edw-dwh-load-prod-ro.prod.us-west-1.aws.groupondev.com,edw-dwh-load-prod-1.czlsgz0xic0p.us-west-1.rds.amazonaws.com
gds-edw-dwh-load-prod-rw.prod.us-west-1.aws.groupondev.com,edw-dwh-load-prod.czlsgz0xic0p.us-west-1.rds.amazonaws.com
gds-email-campaign-prod-ro.prod.us-west-1.aws.groupondev.com,email-campaign-prod-1.czlsgz0xic0p.us-west-1.rds.amazonaws.com
gds-email-campaign-prod-ro.prod.us-west-1.aws.groupondev.com,email-campaign-prod-2.czlsgz0xic0p.us-west-1.rds.amazonaws.com
gds-email-campaign-prod-ro.prod.us-west-1.aws.groupondev.com,email-campaign-prod-3.czlsgz0xic0p.us-west-1.rds.amazonaws.com
gds-email-campaign-prod-ro.prod.us-west-1.aws.groupondev.com,email-campaign-prod-4.czlsgz0xic0p.us-west-1.rds.amazonaws.com
gds-email-campaign-prod-ro.prod.us-west-1.aws.groupondev.com,email-campaign-prod-5.czlsgz0xic0p.us-west-1.rds.amazonaws.com
gds-email-campaign-prod-ro.prod.us-west-1.aws.groupondev.com,email-campaign-prod-1.czlsgz0xic0p.us-west-1.rds.amazonaws.com
gds-email-campaign-prod-ro.prod.us-west-1.aws.groupondev.com,email-campaign-prod-2.czlsgz0xic0p.us-west-1.rds.amazonaws.com
gds-email-campaign-prod-ro.prod.us-west-1.aws.groupondev.com,email-campaign-prod-3.czlsgz0xic0p.us-west-1.rds.amazonaws.com
gds-email-campaign-prod-ro.prod.us-west-1.aws.groupondev.com,email-campaign-prod-4.czlsgz0xic0p.us-west-1.rds.amazonaws.com
gds-email-campaign-prod-ro.prod.us-west-1.aws.groupondev.com,email-campaign-prod-5.czlsgz0xic0p.us-west-1.rds.amazonaws.com
gds-email-campaign-prod-rw.prod.us-west-1.aws.groupondev.com,email-campaign-prod.czlsgz0xic0p.us-west-1.rds.amazonaws.com
gds-epds-prod-ro.prod.us-west-1.aws.groupondev.com,epds-prod-1.czlsgz0xic0p.us-west-1.rds.amazonaws.com
gds-epds-prod-rw.prod.us-west-1.aws.groupondev.com,epds-prod.czlsgz0xic0p.us-west-1.rds.amazonaws.com
gds-expiring-deals-prod-ro.prod.us-west-1.aws.groupondev.com,expiring-deals-prod-1.czlsgz0xic0p.us-west-1.rds.amazonaws.com
gds-expiring-deals-prod-rw.prod.us-west-1.aws.groupondev.com,expiring-deals-prod.czlsgz0xic0p.us-west-1.rds.amazonaws.com
gds-fingerprint-prod-ro.prod.us-west-1.aws.groupondev.com,fingerprint-prod.cluster-ro-czlsgz0xic0p.us-west-1.rds.amazonaws.com
gds-fingerprint-prod-rw.prod.us-west-1.aws.groupondev.com,fingerprint-prod.cluster-czlsgz0xic0p.us-west-1.rds.amazonaws.com
gds-gdoop-hue-prod-ro.prod.us-west-1.aws.groupondev.com,gdoop-hue-prod.cluster-ro-czlsgz0xic0p.us-west-1.rds.amazonaws.com
gds-gdoop-hue-prod-rw.prod.us-west-1.aws.groupondev.com,gdoop-hue-prod.cluster-czlsgz0xic0p.us-west-1.rds.amazonaws.com
gds-gdoop-oozie-prod-ro.prod.us-west-1.aws.groupondev.com,gdoop-oozie-prod.cluster-ro-czlsgz0xic0p.us-west-1.rds.amazonaws.com
gds-gdoop-oozie-prod-rw.prod.us-west-1.aws.groupondev.com,gdoop-oozie-prod.cluster-czlsgz0xic0p.us-west-1.rds.amazonaws.com
gds-gdt-automation-prod-ro.prod.us-west-1.aws.groupondev.com,gdt-automation-prod-1.czlsgz0xic0p.us-west-1.rds.amazonaws.com
gds-gdt-automation-prod-rw.prod.us-west-1.aws.groupondev.com,gdt-automation-prod.czlsgz0xic0p.us-west-1.rds.amazonaws.com
gds-general-ledger-gway-ro.prod.us-west-1.aws.groupondev.com,pg-noncore-us-054-prod-1.czlsgz0xic0p.us-west-1.rds.amazonaws.com
gds-general-ledger-gway-rw.prod.us-west-1.aws.groupondev.com,pg-noncore-us-054-prod.czlsgz0xic0p.us-west-1.rds.amazonaws.com
gds-getaways-content-prod-ro.prod.us-west-1.aws.groupondev.com,getaways-content-prod.cluster-ro-czlsgz0xic0p.us-west-1.rds.amazonaws.com
gds-getaways-content-prod-rw.prod.us-west-1.aws.groupondev.com,getaways-content-prod.cluster-czlsgz0xic0p.us-west-1.rds.amazonaws.com
gds-getaways-geo-prod-ro.prod.us-west-1.aws.groupondev.com,getaways-geo-prod.cluster-ro-czlsgz0xic0p.us-west-1.rds.amazonaws.com
gds-getaways-geo-prod-rw.prod.us-west-1.aws.groupondev.com,getaways-geo-prod.cluster-czlsgz0xic0p.us-west-1.rds.amazonaws.com
gds-getaways-maris-prod-ro.prod.us-west-1.aws.groupondev.com,getaways-maris-prod.cluster-ro-czlsgz0xic0p.us-west-1.rds.amazonaws.com
gds-getaways-maris-prod-rw.prod.us-west-1.aws.groupondev.com,getaways-maris-prod.cluster-czlsgz0xic0p.us-west-1.rds.amazonaws.com
gds-getaways-supply-prod-ro.prod.us-west-1.aws.groupondev.com,getaways-supply-prod.cluster-ro-czlsgz0xic0p.us-west-1.rds.amazonaws.com
gds-getaways-supply-prod-rw.prod.us-west-1.aws.groupondev.com,getaways-supply-prod.cluster-czlsgz0xic0p.us-west-1.rds.amazonaws.com
gds-giftcard-prod-ro.prod.us-west-1.aws.groupondev.com,giftcard-prod.cluster-ro-czlsgz0xic0p.us-west-1.rds.amazonaws.com
gds-giftcard-prod-rw.prod.us-west-1.aws.groupondev.com,giftcard-prod.cluster-czlsgz0xic0p.us-west-1.rds.amazonaws.com
gds-gl-customfieldsapp-ro.prod.us-west-1.aws.groupondev.com,customfieldapp-prod-1.czlsgz0xic0p.us-west-1.rds.amazonaws.com
gds-gl-customfieldsapp-rw.prod.us-west-1.aws.groupondev.com,customfieldapp-prod.czlsgz0xic0p.us-west-1.rds.amazonaws.com
gds-glive-3rd-party-prod-ro.prod.us-west-1.aws.groupondev.com,glive-3rd-party-prod.cluster-ro-czlsgz0xic0p.us-west-1.rds.amazonaws.com
gds-glive-3rd-party-prod-rw.prod.us-west-1.aws.groupondev.com,glive-3rd-party-prod.cluster-czlsgz0xic0p.us-west-1.rds.amazonaws.com
gds-glive-gia-prod-ro.prod.us-west-1.aws.groupondev.com,glive-gia-prod-prod.cluster-ro-czlsgz0xic0p.us-west-1.rds.amazonaws.com
gds-glive-gia-prod-rw.prod.us-west-1.aws.groupondev.com,glive-gia-prod-prod.cluster-czlsgz0xic0p.us-west-1.rds.amazonaws.com
gds-glive-inventory-prod-ro.prod.us-west-1.aws.groupondev.com,glive-inventory-prod.cluster-ro-czlsgz0xic0p.us-west-1.rds.amazonaws.com
gds-glive-inventory-prod-rw.prod.us-west-1.aws.groupondev.com,glive-inventory-prod.cluster-czlsgz0xic0p.us-west-1.rds.amazonaws.com
gds-global-subscription-service-prod-ro.prod.us-west-1.aws.groupondev.com,global-subscription-service-prod.cluster-ro-czlsgz0xic0p.us-west-1.rds.amazonaws.com
gds-global-subscription-service-prod-rw.prod.us-west-1.aws.groupondev.com,global-subscription-service-prod.cluster-czlsgz0xic0p.us-west-1.rds.amazonaws.com
gds-god-dashboard-prod-ro.prod.us-west-1.aws.groupondev.com,god-dashboard-prod-1.czlsgz0xic0p.us-west-1.rds.amazonaws.com
gds-god-dashboard-prod-rw.prod.us-west-1.aws.groupondev.com,god-dashboard-prod.czlsgz0xic0p.us-west-1.rds.amazonaws.com
gds-goods-cart-svc-prod-ro.prod.us-west-1.aws.groupondev.com,goods-cart-svc-prod.cluster-ro-czlsgz0xic0p.us-west-1.rds.amazonaws.com
gds-goods-cart-svc-prod-rw.prod.us-west-1.aws.groupondev.com,goods-cart-svc-prod.cluster-czlsgz0xic0p.us-west-1.rds.amazonaws.com
gds-goods-deletion-prod-ro.prod.us-west-1.aws.groupondev.com,goods-deletion-prod-1.czlsgz0xic0p.us-west-1.rds.amazonaws.com
gds-goods-deletion-prod-rw.prod.us-west-1.aws.groupondev.com,goods-deletion-prod.czlsgz0xic0p.us-west-1.rds.amazonaws.com
gds-goods-inv-s-r-prod-ro.prod.us-west-1.aws.groupondev.com,goods-inv-s-r-prod-1.czlsgz0xic0p.us-west-1.rds.amazonaws.com
gds-goods-inv-s-r-prod-rw.prod.us-west-1.aws.groupondev.com,goods-inv-s-r-prod.czlsgz0xic0p.us-west-1.rds.amazonaws.com
gds-goods-inv-svc-prod-ro.prod.us-west-1.aws.groupondev.com,goods-inv-svc-prod-1.czlsgz0xic0p.us-west-1.rds.amazonaws.com
gds-goods-inv-svc-prod-rw.prod.us-west-1.aws.groupondev.com,goods-inv-svc-prod.czlsgz0xic0p.us-west-1.rds.amazonaws.com
gds-goods-inv-svc-ro.prod.us-west-1.aws.groupondev.com,goods-inv-svc-prod-1.czlsgz0xic0p.us-west-1.rds.amazonaws.com
gds-goods-inv-svc-rw.prod.us-west-1.aws.groupondev.com,goods-inv-svc-prod.czlsgz0xic0p.us-west-1.rds.amazonaws.com
gds-goods-invoicing-prod-ro.prod.us-west-1.aws.groupondev.com,goods-invoicing-prod-1.czlsgz0xic0p.us-west-1.rds.amazonaws.com
gds-goods-invoicing-prod-rw.prod.us-west-1.aws.groupondev.com,goods-invoicing-prod.czlsgz0xic0p.us-west-1.rds.amazonaws.com
gds-goods-jobsch-prod-ro.prod.us-west-1.aws.groupondev.com,goods-jobsch-prod.cluster-ro-czlsgz0xic0p.us-west-1.rds.amazonaws.com
gds-goods-jobsch-prod-rw.prod.us-west-1.aws.groupondev.com,goods-jobsch-prod.cluster-czlsgz0xic0p.us-west-1.rds.amazonaws.com
gds-goods-market-pricing-prod-ro.prod.us-west-1.aws.groupondev.com,goods-market-pricing-prod-1.czlsgz0xic0p.us-west-1.rds.amazonaws.com
gds-goods-market-pricing-prod-rw.prod.us-west-1.aws.groupondev.com,goods-market-pricing-prod.czlsgz0xic0p.us-west-1.rds.amazonaws.com
gds-goods-ob-control-prod-ro.prod.us-west-1.aws.groupondev.com,goods-ob-control-prod.cluster-ro-czlsgz0xic0p.us-west-1.rds.amazonaws.com
gds-goods-ob-control-prod-rw.prod.us-west-1.aws.groupondev.com,goods-ob-control-prod.cluster-czlsgz0xic0p.us-west-1.rds.amazonaws.com
gds-goods-promo-mgr-prod-ro.prod.us-west-1.aws.groupondev.com,goods-promo-mgr-prod-1.czlsgz0xic0p.us-west-1.rds.amazonaws.com
gds-goods-promo-mgr-prod-rw.prod.us-west-1.aws.groupondev.com,goods-promo-mgr-prod.czlsgz0xic0p.us-west-1.rds.amazonaws.com
gds-goods-stores-prod-ro.prod.us-west-1.aws.groupondev.com,goods-stores-prod.cluster-ro-czlsgz0xic0p.us-west-1.rds.amazonaws.com
gds-goods-stores-prod-rw.prod.us-west-1.aws.groupondev.com,goods-stores-prod.cluster-czlsgz0xic0p.us-west-1.rds.amazonaws.com
gds-goodscentraldb-prod-ro.prod.us-west-1.aws.groupondev.com,goodscentraldb-prod-1.czlsgz0xic0p.us-west-1.rds.amazonaws.com
gds-goodscentraldb-prod-ro.prod.us-west-1.aws.groupondev.com,goodscentraldb-prod-2.czlsgz0xic0p.us-west-1.rds.amazonaws.com
gds-goodscentraldb-prod-ro.prod.us-west-1.aws.groupondev.com,goodscentraldb-prod-3.czlsgz0xic0p.us-west-1.rds.amazonaws.com
gds-goodscentraldb-prod-ro.prod.us-west-1.aws.groupondev.com,goodscentraldb-prod-4.czlsgz0xic0p.us-west-1.rds.amazonaws.com
gds-goodscentraldb-prod-ro.prod.us-west-1.aws.groupondev.com,goodscentraldb-prod-5.czlsgz0xic0p.us-west-1.rds.amazonaws.com
gds-goodscentraldb-prod-rw.prod.us-west-1.aws.groupondev.com,goodscentraldb-prod.czlsgz0xic0p.us-west-1.rds.amazonaws.com
gds-grodd-prod-ro.prod.us-west-1.aws.groupondev.com,grodd-prod-1.czlsgz0xic0p.us-west-1.rds.amazonaws.com
gds-grodd-prod-rw.prod.us-west-1.aws.groupondev.com,grodd-prod.czlsgz0xic0p.us-west-1.rds.amazonaws.com
gds-gtwy-travel-inv-prod-ro.prod.us-west-1.aws.groupondev.com,gtwy-travel-inv-prod.cluster-ro-czlsgz0xic0p.us-west-1.rds.amazonaws.com
gds-gtwy-travel-inv-prod-rw.prod.us-west-1.aws.groupondev.com,gtwy-travel-inv-prod.cluster-czlsgz0xic0p.us-west-1.rds.amazonaws.com
gds-hive-sac1-prod-ro.prod.us-west-1.aws.groupondev.com,hive-sac1-prod.cluster-ro-czlsgz0xic0p.us-west-1.rds.amazonaws.com
gds-hive-sac1-prod-rw.prod.us-west-1.aws.groupondev.com,hive-sac1-prod.cluster-czlsgz0xic0p.us-west-1.rds.amazonaws.com
gds-hive-sac1-sox-prod-ro.prod.us-west-1.aws.groupondev.com,hive-sac1-sox-prod.cluster-ro-czlsgz0xic0p.us-west-1.rds.amazonaws.com
gds-hive-sac1-sox-prod-rw.prod.us-west-1.aws.groupondev.com,hive-sac1-sox-prod.cluster-czlsgz0xic0p.us-west-1.rds.amazonaws.com
gds-hive-sox-prod-ro.prod.us-west-1.aws.groupondev.com,hive-sox-prod.cluster-ro-czlsgz0xic0p.us-west-1.rds.amazonaws.com
gds-hive-sox-prod-rw.prod.us-west-1.aws.groupondev.com,hive-sox-prod.cluster-czlsgz0xic0p.us-west-1.rds.amazonaws.com
gds-hue-sac1-prod-ro.prod.us-west-1.aws.groupondev.com,hue-sac1-prod.cluster-ro-czlsgz0xic0p.us-west-1.rds.amazonaws.com
gds-hue-sac1-prod-rw.prod.us-west-1.aws.groupondev.com,hue-sac1-prod.cluster-czlsgz0xic0p.us-west-1.rds.amazonaws.com
gds-hue430-prod-ro.prod.us-west-1.aws.groupondev.com,hue430-prod.cluster-ro-czlsgz0xic0p.us-west-1.rds.amazonaws.com
gds-hue430-prod-rw.prod.us-west-1.aws.groupondev.com,hue430-prod.cluster-czlsgz0xic0p.us-west-1.rds.amazonaws.com
gds-iamsam-prod-ro.prod.us-west-1.aws.groupondev.com,iamsam-prod.cluster-ro-czlsgz0xic0p.us-west-1.rds.amazonaws.com
gds-iamsam-prod-rw.prod.us-west-1.aws.groupondev.com,iamsam-prod.cluster-czlsgz0xic0p.us-west-1.rds.amazonaws.com
gds-im-push-prod-ro.prod.us-west-1.aws.groupondev.com,im-push-prod-1.czlsgz0xic0p.us-west-1.rds.amazonaws.com
gds-im-push-prod-rw.prod.us-west-1.aws.groupondev.com,im-push-prod.czlsgz0xic0p.us-west-1.rds.amazonaws.com
gds-impact-report-prod-ro.prod.us-west-1.aws.groupondev.com,impact-report-prod-1.czlsgz0xic0p.us-west-1.rds.amazonaws.com
gds-impact-report-prod-rw.prod.us-west-1.aws.groupondev.com,impact-report-prod.czlsgz0xic0p.us-west-1.rds.amazonaws.com
gds-incentive-service-ro.prod.us-west-1.aws.groupondev.com,incentives-prod-1.czlsgz0xic0p.us-west-1.rds.amazonaws.com
gds-incentive-service-rw.prod.us-west-1.aws.groupondev.com,incentives-prod.czlsgz0xic0p.us-west-1.rds.amazonaws.com
gds-incentives-prod-ro.prod.us-west-1.aws.groupondev.com,incentives-prod-1.czlsgz0xic0p.us-west-1.rds.amazonaws.com
gds-incentives-prod-rw.prod.us-west-1.aws.groupondev.com,incentives-prod.czlsgz0xic0p.us-west-1.rds.amazonaws.com
gds-janus-metrics-prod-ro.prod.us-west-1.aws.groupondev.com,janus-metrics-prod.cluster-ro-czlsgz0xic0p.us-west-1.rds.amazonaws.com
gds-janus-metrics-prod-rw.prod.us-west-1.aws.groupondev.com,janus-metrics-prod.cluster-czlsgz0xic0p.us-west-1.rds.amazonaws.com
gds-janus-prod-ro.prod.us-west-1.aws.groupondev.com,janus-prod.cluster-ro-czlsgz0xic0p.us-west-1.rds.amazonaws.com
gds-janus-prod-rw.prod.us-west-1.aws.groupondev.com,janus-prod.cluster-czlsgz0xic0p.us-west-1.rds.amazonaws.com
gds-jira-pg-prod-ro.prod.us-west-1.aws.groupondev.com,jira-pg-prod-1.czlsgz0xic0p.us-west-1.rds.amazonaws.com
gds-jira-pg-prod-rw.prod.us-west-1.aws.groupondev.com,jira-pg-prod.czlsgz0xic0p.us-west-1.rds.amazonaws.com
gds-jira-prod-ro.prod.us-west-1.aws.groupondev.com,jira-prod.cluster-ro-czlsgz0xic0p.us-west-1.rds.amazonaws.com
gds-jira-prod-rw.prod.us-west-1.aws.groupondev.com,jira-prod.cluster-czlsgz0xic0p.us-west-1.rds.amazonaws.com
gds-kb-subscription-prod-ro.prod.us-west-1.aws.groupondev.com,kb-subscription-prod.cluster-ro-czlsgz0xic0p.us-west-1.rds.amazonaws.com
gds-kb-subscription-prod-rw.prod.us-west-1.aws.groupondev.com,kb-subscription-prod.cluster-czlsgz0xic0p.us-west-1.rds.amazonaws.com
gds-killbill-prod-ro.prod.us-west-1.aws.groupondev.com,killbill-prod.cluster-ro-czlsgz0xic0p.us-west-1.rds.amazonaws.com
gds-killbill-prod-rw.prod.us-west-1.aws.groupondev.com,killbill-prod.cluster-czlsgz0xic0p.us-west-1.rds.amazonaws.com
gds-login-prod-ro.prod.us-west-1.aws.groupondev.com,login-prod.cluster-ro-czlsgz0xic0p.us-west-1.rds.amazonaws.com
gds-login-prod-rw.prod.us-west-1.aws.groupondev.com,login-prod.cluster-czlsgz0xic0p.us-west-1.rds.amazonaws.com
gds-ls-sf-backup-prod-ro.prod.us-west-1.aws.groupondev.com,ls-sf-backup-prod.cluster-ro-czlsgz0xic0p.us-west-1.rds.amazonaws.com
gds-ls-sf-backup-prod-rw.prod.us-west-1.aws.groupondev.com,ls-sf-backup-prod.cluster-czlsgz0xic0p.us-west-1.rds.amazonaws.com
gds-ls-va-deals-prod-ro.prod.us-west-1.aws.groupondev.com,ls-va-deals-prod.cluster-ro-czlsgz0xic0p.us-west-1.rds.amazonaws.com
gds-ls-va-deals-prod-rw.prod.us-west-1.aws.groupondev.com,ls-va-deals-prod.cluster-czlsgz0xic0p.us-west-1.rds.amazonaws.com
gds-ls-va-orders-prod-ro.prod.us-west-1.aws.groupondev.com,ls-va-orders-prod.cluster-ro-czlsgz0xic0p.us-west-1.rds.amazonaws.com
gds-ls-va-orders-prod-rw.prod.us-west-1.aws.groupondev.com,ls-va-orders-prod.cluster-czlsgz0xic0p.us-west-1.rds.amazonaws.com
gds-ls-va-subscript-prod-ro.prod.us-west-1.aws.groupondev.com,ls-va-subscript-prod.cluster-ro-czlsgz0xic0p.us-west-1.rds.amazonaws.com
gds-ls-va-subscript-prod-rw.prod.us-west-1.aws.groupondev.com,ls-va-subscript-prod.cluster-czlsgz0xic0p.us-west-1.rds.amazonaws.com
gds-ls-va-travel-prod-ro.prod.us-west-1.aws.groupondev.com,ls-va-travel-prod.cluster-ro-czlsgz0xic0p.us-west-1.rds.amazonaws.com
gds-ls-va-travel-prod-rw.prod.us-west-1.aws.groupondev.com,ls-va-travel-prod.cluster-czlsgz0xic0p.us-west-1.rds.amazonaws.com
gds-ls-va-users-prod-ro.prod.us-west-1.aws.groupondev.com,ls-va-users-prod.cluster-ro-czlsgz0xic0p.us-west-1.rds.amazonaws.com
gds-ls-va-users-prod-rw.prod.us-west-1.aws.groupondev.com,ls-va-users-prod.cluster-czlsgz0xic0p.us-west-1.rds.amazonaws.com
gds-m3-place-service-prod-ro.prod.us-west-1.aws.groupondev.com,m3-place-service-prod-1.czlsgz0xic0p.us-west-1.rds.amazonaws.com
gds-m3-place-service-prod-rw.prod.us-west-1.aws.groupondev.com,m3-place-service-prod.czlsgz0xic0p.us-west-1.rds.amazonaws.com
gds-mailman-prod-ro.prod.us-west-1.aws.groupondev.com,mailman-prod-1.czlsgz0xic0p.us-west-1.rds.amazonaws.com
gds-mailman-prod-rw.prod.us-west-1.aws.groupondev.com,mailman-prod.czlsgz0xic0p.us-west-1.rds.amazonaws.com
gds-mana-prod-ro.prod.us-west-1.aws.groupondev.com,mana-prod-1.czlsgz0xic0p.us-west-1.rds.amazonaws.com
gds-mana-prod-rw.prod.us-west-1.aws.groupondev.com,mana-prod.czlsgz0xic0p.us-west-1.rds.amazonaws.com
gds-marketing-deal-service-prod-ro.prod.us-west-1.aws.groupondev.com,marketing-deal-service-prod-1.czlsgz0xic0p.us-west-1.rds.amazonaws.com
gds-marketing-deal-service-prod-rw.prod.us-west-1.aws.groupondev.com,marketing-deal-service-prod.czlsgz0xic0p.us-west-1.rds.amazonaws.com
gds-megatron-dataproc-prod-ro.prod.us-west-1.aws.groupondev.com,megatron-dataproc-prod.cluster-ro-czlsgz0xic0p.us-west-1.rds.amazonaws.com
gds-megatron-dataproc-prod-rw.prod.us-west-1.aws.groupondev.com,megatron-dataproc-prod.cluster-czlsgz0xic0p.us-west-1.rds.amazonaws.com
gds-megatron-prod-ro.prod.us-west-1.aws.groupondev.com,megatron-prod.cluster-ro-czlsgz0xic0p.us-west-1.rds.amazonaws.com
gds-megatron-prod-rw.prod.us-west-1.aws.groupondev.com,megatron-prod.cluster-czlsgz0xic0p.us-west-1.rds.amazonaws.com
gds-menu-service-prod-ro.prod.us-west-1.aws.groupondev.com,menu-service-prod-1.czlsgz0xic0p.us-west-1.rds.amazonaws.com
gds-menu-service-prod-rw.prod.us-west-1.aws.groupondev.com,menu-service-prod.czlsgz0xic0p.us-west-1.rds.amazonaws.com
gds-merch-lifecycle-prod-ro.prod.us-west-1.aws.groupondev.com,merch-lifecycle-prod-1.czlsgz0xic0p.us-west-1.rds.amazonaws.com
gds-merch-lifecycle-prod-rw.prod.us-west-1.aws.groupondev.com,merch-lifecycle-prod.czlsgz0xic0p.us-west-1.rds.amazonaws.com
gds-merchant-access-prod-ro.prod.us-west-1.aws.groupondev.com,merchant-access-prod-1.czlsgz0xic0p.us-west-1.rds.amazonaws.com
gds-merchant-access-prod-rw.prod.us-west-1.aws.groupondev.com,merchant-access-prod.czlsgz0xic0p.us-west-1.rds.amazonaws.com
gds-merchant-analyt-prod-ro.prod.us-west-1.aws.groupondev.com,merchant-analyt-prod-1.czlsgz0xic0p.us-west-1.rds.amazonaws.com
gds-merchant-analyt-prod-rw.prod.us-west-1.aws.groupondev.com,merchant-analyt-prod.czlsgz0xic0p.us-west-1.rds.amazonaws.com
gds-merchant-change-management-ro.prod.us-west-1.aws.groupondev.com,merchant-change-management-1.czlsgz0xic0p.us-west-1.rds.amazonaws.com
gds-merchant-change-management-rw.prod.us-west-1.aws.groupondev.com,merchant-change-management.czlsgz0xic0p.us-west-1.rds.amazonaws.com
gds-merchant-wallet-prod-ro.prod.us-west-1.aws.groupondev.com,merchant-wallet-prod.cluster-ro-czlsgz0xic0p.us-west-1.rds.amazonaws.com
gds-merchant-wallet-prod-rw.prod.us-west-1.aws.groupondev.com,merchant-wallet-prod.cluster-czlsgz0xic0p.us-west-1.rds.amazonaws.com
gds-message2ledger-prod-ro.prod.us-west-1.aws.groupondev.com,message2ledger-prod.cluster-ro-czlsgz0xic0p.us-west-1.rds.amazonaws.com
gds-message2ledger-prod-rw.prod.us-west-1.aws.groupondev.com,message2ledger-prod.cluster-czlsgz0xic0p.us-west-1.rds.amazonaws.com
gds-metro-draft-prod-ro.prod.us-west-1.aws.groupondev.com,metro-draft-prod-1.czlsgz0xic0p.us-west-1.rds.amazonaws.com
gds-metro-draft-prod-rw.prod.us-west-1.aws.groupondev.com,metro-draft-prod.czlsgz0xic0p.us-west-1.rds.amazonaws.com
gds-mls-deal-index-prod-ro.prod.us-west-1.aws.groupondev.com,mls-deal-index-prod-1.czlsgz0xic0p.us-west-1.rds.amazonaws.com
gds-mls-deal-index-prod-rw.prod.us-west-1.aws.groupondev.com,mls-deal-index-prod.czlsgz0xic0p.us-west-1.rds.amazonaws.com
gds-mobile-push-token-service-prod-ro.prod.us-west-1.aws.groupondev.com,mobile-push-token-service-prod.cluster-ro-czlsgz0xic0p.us-west-1.rds.amazonaws.com
gds-mobile-push-token-service-prod-rw.prod.us-west-1.aws.groupondev.com,mobile-push-token-service-prod.cluster-czlsgz0xic0p.us-west-1.rds.amazonaws.com
gds-mpp-service-prod-ro.prod.us-west-1.aws.groupondev.com,mpp-service-prod-1.czlsgz0xic0p.us-west-1.rds.amazonaws.com
gds-mpp-service-prod-rw.prod.us-west-1.aws.groupondev.com,mpp-service-prod.czlsgz0xic0p.us-west-1.rds.amazonaws.com
gds-my-core-us-101-prod-ro.prod.us-west-1.aws.groupondev.com,my-core-us-101-prod.cluster-ro-czlsgz0xic0p.us-west-1.rds.amazonaws.com
gds-my-core-us-101-prod-rw.prod.us-west-1.aws.groupondev.com,my-core-us-101-prod.cluster-czlsgz0xic0p.us-west-1.rds.amazonaws.com
gds-my-noncore-gl-441-prod-ro.prod.us-west-1.aws.groupondev.com,my-noncore-gl-441-prod.cluster-ro-czlsgz0xic0p.us-west-1.rds.amazonaws.com
gds-my-noncore-gl-441-prod-rw.prod.us-west-1.aws.groupondev.com,my-noncore-gl-441-prod.cluster-czlsgz0xic0p.us-west-1.rds.amazonaws.com
gds-my-noncore-us-001-prod-ro.prod.us-west-1.aws.groupondev.com,my-noncore-us-001-prod.cluster-ro-czlsgz0xic0p.us-west-1.rds.amazonaws.com
gds-my-noncore-us-001-prod-rw.prod.us-west-1.aws.groupondev.com,my-noncore-us-001-prod.cluster-czlsgz0xic0p.us-west-1.rds.amazonaws.com
gds-my-noncore-us-002-prod-ro.prod.us-west-1.aws.groupondev.com,my-noncore-us-002-prod.cluster-ro-czlsgz0xic0p.us-west-1.rds.amazonaws.com
gds-my-noncore-us-002-prod-rw.prod.us-west-1.aws.groupondev.com,my-noncore-us-002-prod.cluster-czlsgz0xic0p.us-west-1.rds.amazonaws.com
gds-my-noncore-us-003-prod-ro.prod.us-west-1.aws.groupondev.com,my-noncore-us-003-prod.cluster-ro-czlsgz0xic0p.us-west-1.rds.amazonaws.com
gds-my-noncore-us-003-prod-rw.prod.us-west-1.aws.groupondev.com,my-noncore-us-003-prod.cluster-czlsgz0xic0p.us-west-1.rds.amazonaws.com
gds-my-noncore-us-004-prod-ro.prod.us-west-1.aws.groupondev.com,my-noncore-us-004-prod.cluster-ro-czlsgz0xic0p.us-west-1.rds.amazonaws.com
gds-my-noncore-us-004-prod-rw.prod.us-west-1.aws.groupondev.com,my-noncore-us-004-prod.cluster-czlsgz0xic0p.us-west-1.rds.amazonaws.com
gds-my-noncore-us-005-prod-ro.prod.us-west-1.aws.groupondev.com,my-noncore-us-005-prod.cluster-ro-czlsgz0xic0p.us-west-1.rds.amazonaws.com
gds-my-noncore-us-005-prod-rw.prod.us-west-1.aws.groupondev.com,my-noncore-us-005-prod.cluster-czlsgz0xic0p.us-west-1.rds.amazonaws.com
gds-my-noncore-us-006-prod-ro.prod.us-west-1.aws.groupondev.com,my-noncore-us-006-prod.cluster-ro-czlsgz0xic0p.us-west-1.rds.amazonaws.com
gds-my-noncore-us-006-prod-rw.prod.us-west-1.aws.groupondev.com,my-noncore-us-006-prod.cluster-czlsgz0xic0p.us-west-1.rds.amazonaws.com
gds-online-bookingcs-prod-ro.prod.us-west-1.aws.groupondev.com,online-bookingcs-prod-1.czlsgz0xic0p.us-west-1.rds.amazonaws.com
gds-online-bookingcs-prod-rw.prod.us-west-1.aws.groupondev.com,online-bookingcs-prod.czlsgz0xic0p.us-west-1.rds.amazonaws.com
gds-oozie-sac1-prod-ro.prod.us-west-1.aws.groupondev.com,oozie-sac1-prod.cluster-ro-czlsgz0xic0p.us-west-1.rds.amazonaws.com
gds-oozie-sac1-prod-rw.prod.us-west-1.aws.groupondev.com,oozie-sac1-prod.cluster-czlsgz0xic0p.us-west-1.rds.amazonaws.com
gds-opt-knowledge-prod-ro.prod.us-west-1.aws.groupondev.com,opt-knowledge-prod.cluster-ro-czlsgz0xic0p.us-west-1.rds.amazonaws.com
gds-opt-knowledge-prod-rw.prod.us-west-1.aws.groupondev.com,opt-knowledge-prod.cluster-czlsgz0xic0p.us-west-1.rds.amazonaws.com
gds-optimizely-data-listener-prod-ro.prod.us-west-1.aws.groupondev.com,optimizely-data-listener-prod-1.czlsgz0xic0p.us-west-1.rds.amazonaws.com
gds-optimizely-data-listener-prod-ro.prod.us-west-1.aws.groupondev.com,optimizely-data-listener-prod-2.czlsgz0xic0p.us-west-1.rds.amazonaws.com
gds-optimizely-data-listener-prod-rw.prod.us-west-1.aws.groupondev.com,optimizely-data-listener-prod.czlsgz0xic0p.us-west-1.rds.amazonaws.com
gds-optimus-prod-ro.prod.us-west-1.aws.groupondev.com,optimus-prod.cluster-ro-czlsgz0xic0p.us-west-1.rds.amazonaws.com
gds-optimus-prod-rw.prod.us-west-1.aws.groupondev.com,optimus-prod.cluster-czlsgz0xic0p.us-west-1.rds.amazonaws.com
gds-orders-msg-prod-ro.prod.us-west-1.aws.groupondev.com,orders-msg-prod.cluster-ro-czlsgz0xic0p.us-west-1.rds.amazonaws.com
gds-orders-msg-prod-rw.prod.us-west-1.aws.groupondev.com,orders-msg-prod.cluster-czlsgz0xic0p.us-west-1.rds.amazonaws.com
gds-orders-prod-ro.prod.us-west-1.aws.groupondev.com,orders-prod.cluster-ro-czlsgz0xic0p.us-west-1.rds.amazonaws.com
gds-orders-prod-rw.prod.us-west-1.aws.groupondev.com,orders-prod.cluster-czlsgz0xic0p.us-west-1.rds.amazonaws.com
gds-orders-service-prod-ro.prod.us-west-1.aws.groupondev.com,orders-service-prod.cluster-ro-czlsgz0xic0p.us-west-1.rds.amazonaws.com
gds-orders-service-prod-rw.prod.us-west-1.aws.groupondev.com,orders-service-prod.cluster-czlsgz0xic0p.us-west-1.rds.amazonaws.com
gds-partner-attr-map-prod-ro.prod.us-west-1.aws.groupondev.com,partner-attr-map-prod-1.czlsgz0xic0p.us-west-1.rds.amazonaws.com
gds-partner-attr-map-prod-rw.prod.us-west-1.aws.groupondev.com,partner-attr-map-prod.czlsgz0xic0p.us-west-1.rds.amazonaws.com
gds-pg-au-noncore-us-701-prod-ro.prod.us-west-1.aws.groupondev.com,pg-au-noncore-us-701-prod.cluster-ro-czlsgz0xic0p.us-west-1.rds.amazonaws.com
gds-pg-au-noncore-us-701-prod-rw.prod.us-west-1.aws.groupondev.com,pg-au-noncore-us-701-prod.cluster-czlsgz0xic0p.us-west-1.rds.amazonaws.com
gds-pg-cmk-test-prod-ro.prod.us-west-1.aws.groupondev.com,pg-cmk-test-prod-1.czlsgz0xic0p.us-west-1.rds.amazonaws.com
gds-pg-cmk-test-prod-rw.prod.us-west-1.aws.groupondev.com,pg-cmk-test-prod.czlsgz0xic0p.us-west-1.rds.amazonaws.com
gds-pg-core-us-151-prod-ro.prod.us-west-1.aws.groupondev.com,pg-core-us-151-prod-1.czlsgz0xic0p.us-west-1.rds.amazonaws.com
gds-pg-core-us-151-prod-rw.prod.us-west-1.aws.groupondev.com,pg-core-us-151-prod.czlsgz0xic0p.us-west-1.rds.amazonaws.com
gds-pg-noncore-gl-461-prod-ro.prod.us-west-1.aws.groupondev.com,pg-noncore-gl-461-prod-1.czlsgz0xic0p.us-west-1.rds.amazonaws.com
gds-pg-noncore-gl-461-prod-rw.prod.us-west-1.aws.groupondev.com,pg-noncore-gl-461-prod.czlsgz0xic0p.us-west-1.rds.amazonaws.com
gds-pg-noncore-us-051-prod-ro.prod.us-west-1.aws.groupondev.com,pg-noncore-us-051-prod-1.czlsgz0xic0p.us-west-1.rds.amazonaws.com
gds-pg-noncore-us-051-prod-ro.prod.us-west-1.aws.groupondev.com,pg-noncore-us-051-prod-2.czlsgz0xic0p.us-west-1.rds.amazonaws.com
gds-pg-noncore-us-051-prod-ro.prod.us-west-1.aws.groupondev.com,pg-noncore-us-051-prod-1.czlsgz0xic0p.us-west-1.rds.amazonaws.com
gds-pg-noncore-us-051-prod-ro.prod.us-west-1.aws.groupondev.com,pg-noncore-us-051-prod-2.czlsgz0xic0p.us-west-1.rds.amazonaws.com
gds-pg-noncore-us-051-prod-rw.prod.us-west-1.aws.groupondev.com,pg-noncore-us-051-prod.czlsgz0xic0p.us-west-1.rds.amazonaws.com
gds-pg-noncore-us-052-prod-ro.prod.us-west-1.aws.groupondev.com,pg-noncore-us-052-prod-1.czlsgz0xic0p.us-west-1.rds.amazonaws.com
gds-pg-noncore-us-052-prod-rw.prod.us-west-1.aws.groupondev.com,pg-noncore-us-052-prod.czlsgz0xic0p.us-west-1.rds.amazonaws.com
gds-pg-noncore-us-053-prod-ro.prod.us-west-1.aws.groupondev.com,pg-noncore-us-053-prod-1.czlsgz0xic0p.us-west-1.rds.amazonaws.com
gds-pg-noncore-us-053-prod-rw.prod.us-west-1.aws.groupondev.com,pg-noncore-us-053-prod.czlsgz0xic0p.us-west-1.rds.amazonaws.com
gds-pg-noncore-us-054-prod-ro.prod.us-west-1.aws.groupondev.com,pg-noncore-us-054-prod-1.czlsgz0xic0p.us-west-1.rds.amazonaws.com
gds-pg-noncore-us-054-prod-rw.prod.us-west-1.aws.groupondev.com,pg-noncore-us-054-prod.czlsgz0xic0p.us-west-1.rds.amazonaws.com
gds-pg-noncore-us-055-prod-ro.prod.us-west-1.aws.groupondev.com,pg-noncore-us-055-prod-1.czlsgz0xic0p.us-west-1.rds.amazonaws.com
gds-pg-noncore-us-055-prod-rw.prod.us-west-1.aws.groupondev.com,pg-noncore-us-055-prod.czlsgz0xic0p.us-west-1.rds.amazonaws.com
gds-pg-noncore-us-056-prod-ro.prod.us-west-1.aws.groupondev.com,pg-noncore-us-056-prod-1.czlsgz0xic0p.us-west-1.rds.amazonaws.com
gds-pg-noncore-us-056-prod-rw.prod.us-west-1.aws.groupondev.com,pg-noncore-us-056-prod.czlsgz0xic0p.us-west-1.rds.amazonaws.com
gds-pg-noncore-us-057-prod-ro.prod.us-west-1.aws.groupondev.com,pg-noncore-us-057-prod-1.czlsgz0xic0p.us-west-1.rds.amazonaws.com
gds-pg-noncore-us-057-prod-rw.prod.us-west-1.aws.groupondev.com,pg-noncore-us-057-prod.czlsgz0xic0p.us-west-1.rds.amazonaws.com
gds-pg-noncore-us-061-prod-ro.prod.us-west-1.aws.groupondev.com,pg-noncore-us-061-prod-1.czlsgz0xic0p.us-west-1.rds.amazonaws.com
gds-pg-noncore-us-061-prod-rw.prod.us-west-1.aws.groupondev.com,pg-noncore-us-061-prod.czlsgz0xic0p.us-west-1.rds.amazonaws.com
gds-pricing-prod-ro.prod.us-west-1.aws.groupondev.com,pricing-prod.cluster-ro-czlsgz0xic0p.us-west-1.rds.amazonaws.com
gds-pricing-prod-rw.prod.us-west-1.aws.groupondev.com,pricing-prod.cluster-czlsgz0xic0p.us-west-1.rds.amazonaws.com
gds-program-enroll-prod-ro.prod.us-west-1.aws.groupondev.com,program-enroll-prod-1.czlsgz0xic0p.us-west-1.rds.amazonaws.com
gds-program-enroll-prod-rw.prod.us-west-1.aws.groupondev.com,program-enroll-prod.czlsgz0xic0p.us-west-1.rds.amazonaws.com
gds-proximity-notify-prod-ro.prod.us-west-1.aws.groupondev.com,proximity-notify-prod-1.czlsgz0xic0p.us-west-1.rds.amazonaws.com
gds-proximity-notify-prod-rw.prod.us-west-1.aws.groupondev.com,proximity-notify-prod.czlsgz0xic0p.us-west-1.rds.amazonaws.com
gds-pwa-copy-prod-ro.prod.us-west-1.aws.groupondev.com,pwa-copy-prod.cluster-ro-czlsgz0xic0p.us-west-1.rds.amazonaws.com
gds-pwa-copy-prod-rw.prod.us-west-1.aws.groupondev.com,pwa-copy-prod.cluster-czlsgz0xic0p.us-west-1.rds.amazonaws.com
gds-pwa-prod-ro.prod.us-west-1.aws.groupondev.com,pwa-prod.cluster-ro-czlsgz0xic0p.us-west-1.rds.amazonaws.com
gds-pwa-prod-rw.prod.us-west-1.aws.groupondev.com,pwa-prod.cluster-czlsgz0xic0p.us-west-1.rds.amazonaws.com
gds-rainbow-prod-ro.prod.us-west-1.aws.groupondev.com,rainbow-prod-1.czlsgz0xic0p.us-west-1.rds.amazonaws.com
gds-rainbow-prod-ro.prod.us-west-1.aws.groupondev.com,rainbow-prod-2.czlsgz0xic0p.us-west-1.rds.amazonaws.com
gds-rainbow-prod-ro.prod.us-west-1.aws.groupondev.com,rainbow-prod-3.czlsgz0xic0p.us-west-1.rds.amazonaws.com
gds-rainbow-prod-ro.prod.us-west-1.aws.groupondev.com,rainbow-prod-4.czlsgz0xic0p.us-west-1.rds.amazonaws.com
gds-rainbow-prod-rw.prod.us-west-1.aws.groupondev.com,rainbow-prod.czlsgz0xic0p.us-west-1.rds.amazonaws.com
gds-ranger-prod-ro.prod.us-west-1.aws.groupondev.com,ranger-prod.cluster-ro-czlsgz0xic0p.us-west-1.rds.amazonaws.com
gds-ranger-prod-rw.prod.us-west-1.aws.groupondev.com,ranger-prod.cluster-czlsgz0xic0p.us-west-1.rds.amazonaws.com
gds-ranger-sac1-prod-ro.prod.us-west-1.aws.groupondev.com,ranger-sac1-prod.cluster-ro-czlsgz0xic0p.us-west-1.rds.amazonaws.com
gds-ranger-sac1-prod-rw.prod.us-west-1.aws.groupondev.com,ranger-sac1-prod.cluster-czlsgz0xic0p.us-west-1.rds.amazonaws.com
gds-regla-prod-ro.prod.us-west-1.aws.groupondev.com,regla-prod-1.czlsgz0xic0p.us-west-1.rds.amazonaws.com
gds-regla-prod-rw.prod.us-west-1.aws.groupondev.com,regla-prod.czlsgz0xic0p.us-west-1.rds.amazonaws.com
gds-regla-sac1-prod-ro.prod.us-west-1.aws.groupondev.com,regla-sac1-prod-1.czlsgz0xic0p.us-west-1.rds.amazonaws.com
gds-regla-sac1-prod-rw.prod.us-west-1.aws.groupondev.com,regla-sac1-prod.czlsgz0xic0p.us-west-1.rds.amazonaws.com
gds-relevanceindexer-prod-ro.prod.us-west-1.aws.groupondev.com,relevanceindexer-prod-1.czlsgz0xic0p.us-west-1.rds.amazonaws.com
gds-relevanceindexer-prod-rw.prod.us-west-1.aws.groupondev.com,relevanceindexer-prod.czlsgz0xic0p.us-west-1.rds.amazonaws.com
gds-rise-prod-ro.prod.us-west-1.aws.groupondev.com,rise-prod-1.czlsgz0xic0p.us-west-1.rds.amazonaws.com
gds-rise-prod-rw.prod.us-west-1.aws.groupondev.com,rise-prod.czlsgz0xic0p.us-west-1.rds.amazonaws.com
gds-rocketman-v2-n-prod-ro.prod.us-west-1.aws.groupondev.com,rocketman-v2-n-prod.cluster-ro-czlsgz0xic0p.us-west-1.rds.amazonaws.com
gds-rocketman-v2-n-prod-rw.prod.us-west-1.aws.groupondev.com,rocketman-v2-n-prod.cluster-czlsgz0xic0p.us-west-1.rds.amazonaws.com
gds-rocketmanv2-prod-ro.prod.us-west-1.aws.groupondev.com,rocketmanv2-prod.cluster-ro-czlsgz0xic0p.us-west-1.rds.amazonaws.com
gds-rocketmanv2-prod-rw.prod.us-west-1.aws.groupondev.com,rocketmanv2-prod.cluster-czlsgz0xic0p.us-west-1.rds.amazonaws.com
gds-rocketmanv2-trans-prod-ro.prod.us-west-1.aws.groupondev.com,rocketmanv2-trans-prod.cluster-ro-czlsgz0xic0p.us-west-1.rds.amazonaws.com
gds-rocketmanv2-trans-prod-rw.prod.us-west-1.aws.groupondev.com,rocketmanv2-trans-prod.cluster-czlsgz0xic0p.us-west-1.rds.amazonaws.com
gds-s3-engine-prod-ro.prod.us-west-1.aws.groupondev.com,s3-engine-prod.cluster-ro-czlsgz0xic0p.us-west-1.rds.amazonaws.com
gds-s3-engine-prod-rw.prod.us-west-1.aws.groupondev.com,s3-engine-prod.cluster-czlsgz0xic0p.us-west-1.rds.amazonaws.com
gds-seo-landing-api-prod-ro.prod.us-west-1.aws.groupondev.com,seo-landing-api-prod-1.czlsgz0xic0p.us-west-1.rds.amazonaws.com
gds-seo-landing-api-prod-rw.prod.us-west-1.aws.groupondev.com,seo-landing-api-prod.czlsgz0xic0p.us-west-1.rds.amazonaws.com
gds-service-portal-prod-ro.prod.us-west-1.aws.groupondev.com,service-portal-prod.cluster-ro-czlsgz0xic0p.us-west-1.rds.amazonaws.com
gds-service-portal-prod-rw.prod.us-west-1.aws.groupondev.com,service-portal-prod.cluster-czlsgz0xic0p.us-west-1.rds.amazonaws.com
gds-shipment-tracker-prod-ro.prod.us-west-1.aws.groupondev.com,shipment-tracker-prod.cluster-ro-czlsgz0xic0p.us-west-1.rds.amazonaws.com
gds-shipment-tracker-prod-rw.prod.us-west-1.aws.groupondev.com,shipment-tracker-prod.cluster-czlsgz0xic0p.us-west-1.rds.amazonaws.com
gds-sms-cons-prod-ro.prod.us-west-1.aws.groupondev.com,sms-cons-prod-1.czlsgz0xic0p.us-west-1.rds.amazonaws.com
gds-sms-cons-prod-rw.prod.us-west-1.aws.groupondev.com,sms-cons-prod.czlsgz0xic0p.us-west-1.rds.amazonaws.com
gds-succ-prod-ro.prod.us-west-1.aws.groupondev.com,succ-prod.cluster-ro-czlsgz0xic0p.us-west-1.rds.amazonaws.com
gds-succ-prod-rw.prod.us-west-1.aws.groupondev.com,succ-prod.cluster-czlsgz0xic0p.us-west-1.rds.amazonaws.com
gds-taxonomyv2-prod-ro.prod.us-west-1.aws.groupondev.com,taxonomyv2-prod-1.czlsgz0xic0p.us-west-1.rds.amazonaws.com
gds-taxonomyv2-prod-rw.prod.us-west-1.aws.groupondev.com,taxonomyv2-prod.czlsgz0xic0p.us-west-1.rds.amazonaws.com
gds-testrail-prod-ro.prod.us-west-1.aws.groupondev.com,testrail-prod.cluster-ro-czlsgz0xic0p.us-west-1.rds.amazonaws.com
gds-testrail-prod-rw.prod.us-west-1.aws.groupondev.com,testrail-prod.cluster-czlsgz0xic0p.us-west-1.rds.amazonaws.com
gds-tis-prod-ro.prod.us-west-1.aws.groupondev.com,tis-prod-1.czlsgz0xic0p.us-west-1.rds.amazonaws.com
gds-tis-prod-rw.prod.us-west-1.aws.groupondev.com,tis-prod.czlsgz0xic0p.us-west-1.rds.amazonaws.com
gds-tpis-prod-ro.prod.us-west-1.aws.groupondev.com,tpis-prod-1.czlsgz0xic0p.us-west-1.rds.amazonaws.com
gds-tpis-prod-rw.prod.us-west-1.aws.groupondev.com,tpis-prod.czlsgz0xic0p.us-west-1.rds.amazonaws.com
gds-travel-search-prod-ro.prod.us-west-1.aws.groupondev.com,travel-search-prod.cluster-ro-czlsgz0xic0p.us-west-1.rds.amazonaws.com
gds-travel-search-prod-rw.prod.us-west-1.aws.groupondev.com,travel-search-prod.cluster-czlsgz0xic0p.us-west-1.rds.amazonaws.com
gds-tronicon-cms-prod-ro.prod.us-west-1.aws.groupondev.com,tronicon-cms-prod.cluster-ro-czlsgz0xic0p.us-west-1.rds.amazonaws.com
gds-tronicon-cms-prod-rw.prod.us-west-1.aws.groupondev.com,tronicon-cms-prod.cluster-czlsgz0xic0p.us-west-1.rds.amazonaws.com
gds-ugc-prod-ro.prod.us-west-1.aws.groupondev.com,ugc-prod-1.czlsgz0xic0p.us-west-1.rds.amazonaws.com
gds-ugc-prod-ro.prod.us-west-1.aws.groupondev.com,ugc-prod-2.czlsgz0xic0p.us-west-1.rds.amazonaws.com
gds-ugc-prod-ro.prod.us-west-1.aws.groupondev.com,ugc-prod-3.czlsgz0xic0p.us-west-1.rds.amazonaws.com
gds-ugc-prod-rw.prod.us-west-1.aws.groupondev.com,ugc-prod.czlsgz0xic0p.us-west-1.rds.amazonaws.com
gds-ultron-prod-ro.prod.us-west-1.aws.groupondev.com,ultron-prod.cluster-ro-czlsgz0xic0p.us-west-1.rds.amazonaws.com
gds-ultron-prod-rw.prod.us-west-1.aws.groupondev.com,ultron-prod.cluster-czlsgz0xic0p.us-west-1.rds.amazonaws.com
gds-us-mmi-espresso-rw.prod.us-west-1.aws.groupondev.com,my-noncore-us-001-prod.cluster-czlsgz0xic0p.us-west-1.rds.amazonaws.com
gds-us-pricing-ro.prod.us-west-1.aws.groupondev.com,pricing-prod.cluster-ro-czlsgz0xic0p.us-west-1.rds.amazonaws.com
gds-us-pricing-rw.prod.us-west-1.aws.groupondev.com,pricing-prod.cluster-czlsgz0xic0p.us-west-1.rds.amazonaws.com
gds-us-pwa-pricing-ro.prod.us-west-1.aws.groupondev.com,pwa-prod.cluster-ro-czlsgz0xic0p.us-west-1.rds.amazonaws.com
gds-us-pwa-vis-ro.prod.us-west-1.aws.groupondev.com,pwa-copy-prod.cluster-ro-czlsgz0xic0p.us-west-1.rds.amazonaws.com
gds-us-reg-cons-log-ro.prod.us-west-1.aws.groupondev.com,reg-cons-log-prod-1.czlsgz0xic0p.us-west-1.rds.amazonaws.com
gds-us-reg-cons-log-rw.prod.us-west-1.aws.groupondev.com,reg-cons-log-prod.czlsgz0xic0p.us-west-1.rds.amazonaws.com
gds-us-vis-ro.prod.us-west-1.aws.groupondev.com,vis-prod.cluster-ro-czlsgz0xic0p.us-west-1.rds.amazonaws.com
gds-us-vis-rw.prod.us-west-1.aws.groupondev.com,vis-prod.cluster-czlsgz0xic0p.us-west-1.rds.amazonaws.com
gds-us-vis20-ro.prod.us-west-1.aws.groupondev.com,vis20-na-prod.cluster-ro-czlsgz0xic0p.us-west-1.rds.amazonaws.com
gds-us-vis20-rw.prod.us-west-1.aws.groupondev.com,vis20-na-prod.cluster-czlsgz0xic0p.us-west-1.rds.amazonaws.com
gds-users-prod-ro.prod.us-west-1.aws.groupondev.com,users-prod.cluster-ro-czlsgz0xic0p.us-west-1.rds.amazonaws.com
gds-users-prod-rw.prod.us-west-1.aws.groupondev.com,users-prod.cluster-czlsgz0xic0p.us-west-1.rds.amazonaws.com
gds-vendor-compliance-prod-ro.prod.us-west-1.aws.groupondev.com,vendor-compliance-prod-1.czlsgz0xic0p.us-west-1.rds.amazonaws.com
gds-vendor-compliance-prod-rw.prod.us-west-1.aws.groupondev.com,vendor-compliance-prod.czlsgz0xic0p.us-west-1.rds.amazonaws.com
gds-voucher-ssearch-prod-ro.prod.us-west-1.aws.groupondev.com,voucher-ssearch-prod.cluster-ro-czlsgz0xic0p.us-west-1.rds.amazonaws.com
gds-voucher-ssearch-prod-rw.prod.us-west-1.aws.groupondev.com,voucher-ssearch-prod.cluster-czlsgz0xic0p.us-west-1.rds.amazonaws.com
gds-darwin-prod-ro.prod.us-west-2.aws.groupondev.com,darwin-prod-replica.cjkehezkc6xn.us-west-2.rds.amazonaws.com
gds-indexer-service-prod-ro.prod.us-west-2.aws.groupondev.com,indexer-service-prod-1.cjkehezkc6xn.us-west-2.rds.amazonaws.com
gds-indexer-service-prod-rw.prod.us-west-2.aws.groupondev.com,indexer-service-prod.cjkehezkc6xn.us-west-2.rds.amazonaws.com
gds-my-noncore-us-111-prod-ro.prod.us-west-2.aws.groupondev.com,my-noncore-us-111-prod.cluster-ro-cjkehezkc6xn.us-west-2.rds.amazonaws.com
gds-my-noncore-us-111-prod-rw.prod.us-west-2.aws.groupondev.com,my-noncore-us-111-prod.cluster-cjkehezkc6xn.us-west-2.rds.amazonaws.com
gds-pg-cmk-test-prod-ro.prod.us-west-2.aws.groupondev.com,pg-cmk-test-prod.cjkehezkc6xn.us-west-2.rds.amazonaws.com
gds-ada-prod-ro.prod.eu-west-1.aws.groupondev.com,ada-prod-1.cqgqresxrenm.eu-west-1.rds.amazonaws.com
gds-ada-prod-rw.prod.eu-west-1.aws.groupondev.com,ada-prod.cqgqresxrenm.eu-west-1.rds.amazonaws.com
gds-affiliate-track-prod-ro.prod.eu-west-1.aws.groupondev.com,affiliate-track-prod.cluster-ro-cqgqresxrenm.eu-west-1.rds.amazonaws.com
gds-affiliate-track-prod-rw.prod.eu-west-1.aws.groupondev.com,affiliate-track-prod.cluster-cqgqresxrenm.eu-west-1.rds.amazonaws.com
gds-affiliates-prog-prod-ro.prod.eu-west-1.aws.groupondev.com,affiliates-prog-prod.cluster-ro-cqgqresxrenm.eu-west-1.rds.amazonaws.com
gds-affiliates-prog-prod-rw.prod.eu-west-1.aws.groupondev.com,affiliates-prog-prod.cluster-cqgqresxrenm.eu-west-1.rds.amazonaws.com
gds-ambari-prod-ro.prod.eu-west-1.aws.groupondev.com,ambari-prod-1.cqgqresxrenm.eu-west-1.rds.amazonaws.com
gds-ambari-prod-rw.prod.eu-west-1.aws.groupondev.com,ambari-prod.cqgqresxrenm.eu-west-1.rds.amazonaws.com
gds-analytics-prod-ro.prod.eu-west-1.aws.groupondev.com,analytics-prod.cluster-ro-cqgqresxrenm.eu-west-1.rds.amazonaws.com
gds-analytics-prod-rw.prod.eu-west-1.aws.groupondev.com,analytics-prod.cluster-cqgqresxrenm.eu-west-1.rds.amazonaws.com
gds-arbitration-service-prod-ro.prod.eu-west-1.aws.groupondev.com,arbitration-service-prod-1.cqgqresxrenm.eu-west-1.rds.amazonaws.com
gds-arbitration-service-prod-ro.prod.eu-west-1.aws.groupondev.com,arbitration-service-prod-2.cqgqresxrenm.eu-west-1.rds.amazonaws.com
gds-booking-3rdparty-prod-ro.prod.eu-west-1.aws.groupondev.com,booking-3rdparty-prod.cluster-ro-cqgqresxrenm.eu-west-1.rds.amazonaws.com
gds-booking-3rdparty-prod-rw.prod.eu-west-1.aws.groupondev.com,booking-3rdparty-prod.cluster-cqgqresxrenm.eu-west-1.rds.amazonaws.com
gds-booking-tool-prod-ro.prod.eu-west-1.aws.groupondev.com,booking-tool-prod.cluster-ro-cqgqresxrenm.eu-west-1.rds.amazonaws.com
gds-booking-tool-prod-rw.prod.eu-west-1.aws.groupondev.com,booking-tool-prod.cluster-cqgqresxrenm.eu-west-1.rds.amazonaws.com
gds-calendar-service-prod-ro.prod.eu-west-1.aws.groupondev.com,calendar-service-prod-1.cqgqresxrenm.eu-west-1.rds.amazonaws.com
gds-calendar-service-prod-rw.prod.eu-west-1.aws.groupondev.com,calendar-service-prod.cqgqresxrenm.eu-west-1.rds.amazonaws.com
gds-campaign-perform-prod-ro.prod.eu-west-1.aws.groupondev.com,campaign-perform-prod.cqgqresxrenm.eu-west-1.rds.amazonaws.com
gds-client-id-prod-replica-ro.prod.eu-west-1.aws.groupondev.com,client-id-prod-replica.cluster-ro-cqgqresxrenm.eu-west-1.rds.amazonaws.com
gds-cons-data-svc-prod-ro.prod.eu-west-1.aws.groupondev.com,cons-data-svc-prod.cluster-ro-cqgqresxrenm.eu-west-1.rds.amazonaws.com
gds-cons-data-svc-prod-rw.prod.eu-west-1.aws.groupondev.com,cons-data-svc-prod.cluster-cqgqresxrenm.eu-west-1.rds.amazonaws.com
gds-crm-msg-service-prod-ro.prod.eu-west-1.aws.groupondev.com,crm-msg-service-prod.cluster-ro-cqgqresxrenm.eu-west-1.rds.amazonaws.com
gds-crm-msg-service-prod-rw.prod.eu-west-1.aws.groupondev.com,crm-msg-service-prod.cluster-cqgqresxrenm.eu-west-1.rds.amazonaws.com
gds-custsvc-cscs-prod-ro.prod.eu-west-1.aws.groupondev.com,custsvc-cscs-prod.cluster-ro-cqgqresxrenm.eu-west-1.rds.amazonaws.com
gds-custsvc-cscs-prod-rw.prod.eu-west-1.aws.groupondev.com,custsvc-cscs-prod.cluster-cqgqresxrenm.eu-west-1.rds.amazonaws.com
gds-custsvc-intl-app-prod-ro.prod.eu-west-1.aws.groupondev.com,custsvc-intl-app-prod.cluster-ro-cqgqresxrenm.eu-west-1.rds.amazonaws.com
gds-custsvc-intl-app-prod-rw.prod.eu-west-1.aws.groupondev.com,custsvc-intl-app-prod.cluster-cqgqresxrenm.eu-west-1.rds.amazonaws.com
gds-darwin-indexer-lup1-ro.prod.eu-west-1.aws.groupondev.com,darwin-indexer-lup1-1.cqgqresxrenm.eu-west-1.rds.amazonaws.com
gds-darwin-indexer-lup1-rw.prod.eu-west-1.aws.groupondev.com,darwin-indexer-lup1.cqgqresxrenm.eu-west-1.rds.amazonaws.com
gds-dcor-prod-ro.prod.eu-west-1.aws.groupondev.com,dcor-prod-1.cqgqresxrenm.eu-west-1.rds.amazonaws.com
gds-dcor-prod-rw.prod.eu-west-1.aws.groupondev.com,dcor-prod.cqgqresxrenm.eu-west-1.rds.amazonaws.com
gds-dealservice-prod-replica-new-ro.prod.eu-west-1.aws.groupondev.com,dealservice-prod-replica-new.cluster-ro-cqgqresxrenm.eu-west-1.rds.amazonaws.com
gds-decision-engine-prod-ro.prod.eu-west-1.aws.groupondev.com,decision-engine-prod-1.cqgqresxrenm.eu-west-1.rds.amazonaws.com
gds-decision-engine-prod-rw.prod.eu-west-1.aws.groupondev.com,decision-engine-prod.cqgqresxrenm.eu-west-1.rds.amazonaws.com
gds-dfs-prod-ro.prod.eu-west-1.aws.groupondev.com,dfs-prod.cluster-ro-cqgqresxrenm.eu-west-1.rds.amazonaws.com
gds-dfs-prod-rw.prod.eu-west-1.aws.groupondev.com,dfs-prod.cluster-cqgqresxrenm.eu-west-1.rds.amazonaws.com
gds-editorial-content-prod-ro.prod.eu-west-1.aws.groupondev.com,editorial-content-prod.cqgqresxrenm.eu-west-1.rds.amazonaws.com
gds-email-campaign-prod-ro.prod.eu-west-1.aws.groupondev.com,email-campaign-prod-1.cqgqresxrenm.eu-west-1.rds.amazonaws.com
gds-email-campaign-prod-ro.prod.eu-west-1.aws.groupondev.com,email-campaign-prod-2.cqgqresxrenm.eu-west-1.rds.amazonaws.com
gds-email-campaign-prod-ro.prod.eu-west-1.aws.groupondev.com,email-campaign-prod-3.cqgqresxrenm.eu-west-1.rds.amazonaws.com
gds-email-campaign-prod-rw.prod.eu-west-1.aws.groupondev.com,email-campaign-prod.cqgqresxrenm.eu-west-1.rds.amazonaws.com
gds-emea-bhuvan-prod-ro.prod.eu-west-1.aws.groupondev.com,bhuvan-prod-replica.cqgqresxrenm.eu-west-1.rds.amazonaws.com
gds-emea-pricing-ro.prod.eu-west-1.aws.groupondev.com,pricing-prod-replica.cluster-ro-cqgqresxrenm.eu-west-1.rds.amazonaws.com
gds-emea-pwa-pric-ro.prod.eu-west-1.aws.groupondev.com,pwa-emea-copy-prod.cluster-ro-cqgqresxrenm.eu-west-1.rds.amazonaws.com
gds-emea-pwa-vis-ro.prod.eu-west-1.aws.groupondev.com,pwa-emea-copy-prod.cluster-ro-cqgqresxrenm.eu-west-1.rds.amazonaws.com
gds-emea-reg-cons-log-ro.prod.eu-west-1.aws.groupondev.com,r-consent-log-prod-1.cqgqresxrenm.eu-west-1.rds.amazonaws.com
gds-emea-reg-cons-log-rw.prod.eu-west-1.aws.groupondev.com,r-consent-log-prod.cqgqresxrenm.eu-west-1.rds.amazonaws.com
gds-emea-vis-ro.prod.eu-west-1.aws.groupondev.com,vis-prod-replica.cluster-ro-cqgqresxrenm.eu-west-1.rds.amazonaws.com
gds-emea-vis20-ro.prod.eu-west-1.aws.groupondev.com,vis20-emea-prod.cluster-ro-cqgqresxrenm.eu-west-1.rds.amazonaws.com
gds-emea-vis20-rw.prod.eu-west-1.aws.groupondev.com,vis20-emea-prod.cluster-cqgqresxrenm.eu-west-1.rds.amazonaws.com
gds-epods-prod-ro.prod.eu-west-1.aws.groupondev.com,epods-prod-1.cqgqresxrenm.eu-west-1.rds.amazonaws.com
gds-epods-prod-rw.prod.eu-west-1.aws.groupondev.com,epods-prod.cqgqresxrenm.eu-west-1.rds.amazonaws.com
gds-fraud-prod-ro.prod.eu-west-1.aws.groupondev.com,fraud-prod.cluster-ro-cqgqresxrenm.eu-west-1.rds.amazonaws.com
gds-fraud-prod-rw.prod.eu-west-1.aws.groupondev.com,fraud-prod.cluster-cqgqresxrenm.eu-west-1.rds.amazonaws.com
gds-gdc-prod-ro.prod.eu-west-1.aws.groupondev.com,gdc-prod-1.cqgqresxrenm.eu-west-1.rds.amazonaws.com
gds-gdc-prod-rw.prod.eu-west-1.aws.groupondev.com,gdc-prod.cqgqresxrenm.eu-west-1.rds.amazonaws.com
gds-gdt-automation-prod-ro.prod.eu-west-1.aws.groupondev.com,gdt-automation-prod-replica.cqgqresxrenm.eu-west-1.rds.amazonaws.com
gds-getaways-content-prod-replica-ro.prod.eu-west-1.aws.groupondev.com,getaways-content-prod-replica.cluster-ro-cqgqresxrenm.eu-west-1.rds.amazonaws.com
gds-giftcard-prod-ro.prod.eu-west-1.aws.groupondev.com,giftcard-prod.cluster-ro-cqgqresxrenm.eu-west-1.rds.amazonaws.com
gds-giftcard-prod-rw.prod.eu-west-1.aws.groupondev.com,giftcard-prod.cluster-cqgqresxrenm.eu-west-1.rds.amazonaws.com
gds-gl-customfieldsapp-ro.prod.eu-west-1.aws.groupondev.com,customfieldsapp-prod.cqgqresxrenm.eu-west-1.rds.amazonaws.com
gds-goods-deletion-prod-ro.prod.eu-west-1.aws.groupondev.com,goods-deletion-prod-1.cqgqresxrenm.eu-west-1.rds.amazonaws.com
gds-goods-deletion-prod-rw.prod.eu-west-1.aws.groupondev.com,goods-deletion-prod.cqgqresxrenm.eu-west-1.rds.amazonaws.com
gds-goods-inv-serv-prod-ro.prod.eu-west-1.aws.groupondev.com,goods-inv-serv-prod-1.cqgqresxrenm.eu-west-1.rds.amazonaws.com
gds-goods-inv-serv-prod-rw.prod.eu-west-1.aws.groupondev.com,goods-inv-serv-prod.cqgqresxrenm.eu-west-1.rds.amazonaws.com
gds-goods-inv-serv-ro.prod.eu-west-1.aws.groupondev.com,goods-inv-serv-prod-1.cqgqresxrenm.eu-west-1.rds.amazonaws.com
gds-goods-inv-serv-rw.prod.eu-west-1.aws.groupondev.com,goods-inv-serv-prod.cqgqresxrenm.eu-west-1.rds.amazonaws.com
gds-goods-invoicing-prod-ro.prod.eu-west-1.aws.groupondev.com,goods-invoicing-prod-1.cqgqresxrenm.eu-west-1.rds.amazonaws.com
gds-goods-invoicing-prod-rw.prod.eu-west-1.aws.groupondev.com,goods-invoicing-prod.cqgqresxrenm.eu-west-1.rds.amazonaws.com
gds-goods-job-sched-prod-ro.prod.eu-west-1.aws.groupondev.com,goods-job-sched-prod.cluster-ro-cqgqresxrenm.eu-west-1.rds.amazonaws.com
gds-goods-job-sched-prod-rw.prod.eu-west-1.aws.groupondev.com,goods-job-sched-prod.cluster-cqgqresxrenm.eu-west-1.rds.amazonaws.com
gds-goods-logistics-prod-emea-ro.prod.eu-west-1.aws.groupondev.com,goods-logistics-prod-emea.cluster-ro-cqgqresxrenm.eu-west-1.rds.amazonaws.com
gds-goods-logistics-prod-emea-rw.prod.eu-west-1.aws.groupondev.com,goods-logistics-prod-emea.cluster-cqgqresxrenm.eu-west-1.rds.amazonaws.com
gds-goods-oc-prod-ro.prod.eu-west-1.aws.groupondev.com,goods-oc-prod.cluster-ro-cqgqresxrenm.eu-west-1.rds.amazonaws.com
gds-goods-oc-prod-rw.prod.eu-west-1.aws.groupondev.com,goods-oc-prod.cluster-cqgqresxrenm.eu-west-1.rds.amazonaws.com
gds-goods-prod-ro.prod.eu-west-1.aws.groupondev.com,goods-prod.cluster-ro-cqgqresxrenm.eu-west-1.rds.amazonaws.com
gds-goods-prod-rw.prod.eu-west-1.aws.groupondev.com,goods-prod.cluster-cqgqresxrenm.eu-west-1.rds.amazonaws.com
gds-goods-shipment-prod-ro.prod.eu-west-1.aws.groupondev.com,goods-shipment-prod.cluster-ro-cqgqresxrenm.eu-west-1.rds.amazonaws.com
gds-goods-shipment-prod-rw.prod.eu-west-1.aws.groupondev.com,goods-shipment-prod.cluster-cqgqresxrenm.eu-west-1.rds.amazonaws.com
gds-goodscentral-prod-replica-ro.prod.eu-west-1.aws.groupondev.com,goodscentral-prod-replica.cqgqresxrenm.eu-west-1.rds.amazonaws.com
gds-gps-billingrecord-prod-ro.prod.eu-west-1.aws.groupondev.com,gps-billingrecord-prod-1.cqgqresxrenm.eu-west-1.rds.amazonaws.com
gds-gps-billingrecord-prod-rw.prod.eu-west-1.aws.groupondev.com,gps-billingrecord-prod.cqgqresxrenm.eu-west-1.rds.amazonaws.com
gds-gso-merch-success-prod-ro.prod.eu-west-1.aws.groupondev.com,gso-merch-success-prod.cluster-ro-cqgqresxrenm.eu-west-1.rds.amazonaws.com
gds-gso-merch-success-prod-rw.prod.eu-west-1.aws.groupondev.com,gso-merch-success-prod.cluster-cqgqresxrenm.eu-west-1.rds.amazonaws.com
gds-gtwy-travel-inv-prod-emea-ro.prod.eu-west-1.aws.groupondev.com,gtwy-travel-inv-prod.cluster-ro-cqgqresxrenm.eu-west-1.rds.amazonaws.com
gds-hive-production-ro.prod.eu-west-1.aws.groupondev.com,hive-production.cluster-ro-cqgqresxrenm.eu-west-1.rds.amazonaws.com
gds-hive-production-rw.prod.eu-west-1.aws.groupondev.com,hive-production.cluster-cqgqresxrenm.eu-west-1.rds.amazonaws.com
gds-impact-report-prod-ro.prod.eu-west-1.aws.groupondev.com,impact-report-prod-replica.cqgqresxrenm.eu-west-1.rds.amazonaws.com
gds-inbox-mgmt-prod-ro.prod.eu-west-1.aws.groupondev.com,inbox-mgmt-prod-1.cqgqresxrenm.eu-west-1.rds.amazonaws.com
gds-inbox-mgmt-prod-rw.prod.eu-west-1.aws.groupondev.com,inbox-mgmt-prod.cqgqresxrenm.eu-west-1.rds.amazonaws.com
gds-incentive-service-ro.prod.eu-west-1.aws.groupondev.com,incentive-prod-1.cqgqresxrenm.eu-west-1.rds.amazonaws.com
gds-incentive-service-rw.prod.eu-west-1.aws.groupondev.com,incentive-prod.cqgqresxrenm.eu-west-1.rds.amazonaws.com
gds-janus-prod-emea-ro.prod.eu-west-1.aws.groupondev.com,janus-prod-emea.cluster-ro-cqgqresxrenm.eu-west-1.rds.amazonaws.com
gds-m3-place-service-prod-ro.prod.eu-west-1.aws.groupondev.com,m3-place-service-prod-replica.cqgqresxrenm.eu-west-1.rds.amazonaws.com
gds-mailman-lup1-prod-ro.prod.eu-west-1.aws.groupondev.com,mailman-lup1-prod-1.cqgqresxrenm.eu-west-1.rds.amazonaws.com
gds-mailman-lup1-prod-rw.prod.eu-west-1.aws.groupondev.com,mailman-lup1-prod.cqgqresxrenm.eu-west-1.rds.amazonaws.com
gds-mana-prod-ro.prod.eu-west-1.aws.groupondev.com,mana-prod-1.cqgqresxrenm.eu-west-1.rds.amazonaws.com
gds-mana-prod-rw.prod.eu-west-1.aws.groupondev.com,mana-prod.cqgqresxrenm.eu-west-1.rds.amazonaws.com
gds-marketing-deal-service-prod-replica-ro.prod.eu-west-1.aws.groupondev.com,marketing-deal-service-prod-replica.cqgqresxrenm.eu-west-1.rds.amazonaws.com
gds-megatron-pro-ro.prod.eu-west-1.aws.groupondev.com,megatron-pro.cluster-ro-cqgqresxrenm.eu-west-1.rds.amazonaws.com
gds-megatron-pro-rw.prod.eu-west-1.aws.groupondev.com,megatron-pro.cluster-cqgqresxrenm.eu-west-1.rds.amazonaws.com
gds-merchant-access-prod-ro.prod.eu-west-1.aws.groupondev.com,merchant-access-prod-1.cqgqresxrenm.eu-west-1.rds.amazonaws.com
gds-merchant-access-prod-rw.prod.eu-west-1.aws.groupondev.com,merchant-access-prod.cqgqresxrenm.eu-west-1.rds.amazonaws.com
gds-metro-draft-prod-ro.prod.eu-west-1.aws.groupondev.com,metro-draft-prod-1.cqgqresxrenm.eu-west-1.rds.amazonaws.com
gds-metro-draft-prod-rw.prod.eu-west-1.aws.groupondev.com,metro-draft-prod.cqgqresxrenm.eu-west-1.rds.amazonaws.com
gds-mobile-push-token-service-prod-ro.prod.eu-west-1.aws.groupondev.com,mobile-push-token-service-prod.cluster-ro-cqgqresxrenm.eu-west-1.rds.amazonaws.com
gds-mobile-push-token-service-prod-rw.prod.eu-west-1.aws.groupondev.com,mobile-push-token-service-prod.cluster-cqgqresxrenm.eu-west-1.rds.amazonaws.com
gds-mpp-service-prod-ro.prod.eu-west-1.aws.groupondev.com,mpp-service-prod.cqgqresxrenm.eu-west-1.rds.amazonaws.com
gds-my-core-emea-301-prod-ro.prod.eu-west-1.aws.groupondev.com,my-core-emea-301-prod.cluster-ro-cqgqresxrenm.eu-west-1.rds.amazonaws.com
gds-my-core-emea-301-prod-rw.prod.eu-west-1.aws.groupondev.com,my-core-emea-301-prod.cluster-cqgqresxrenm.eu-west-1.rds.amazonaws.com
gds-my-noncore-emea-201-prod-ro.prod.eu-west-1.aws.groupondev.com,my-noncore-emea-201-prod.cluster-ro-cqgqresxrenm.eu-west-1.rds.amazonaws.com
gds-my-noncore-emea-201-prod-rw.prod.eu-west-1.aws.groupondev.com,my-noncore-emea-201-prod.cluster-cqgqresxrenm.eu-west-1.rds.amazonaws.com
gds-my-noncore-emea-202-prod-ro.prod.eu-west-1.aws.groupondev.com,my-noncore-emea-202-prod.cluster-ro-cqgqresxrenm.eu-west-1.rds.amazonaws.com
gds-my-noncore-emea-202-prod-rw.prod.eu-west-1.aws.groupondev.com,my-noncore-emea-202-prod.cluster-cqgqresxrenm.eu-west-1.rds.amazonaws.com
gds-my-noncore-gl-441-prod-emea-ro.prod.eu-west-1.aws.groupondev.com,my-noncore-gl-441-prod-emea.cluster-ro-cqgqresxrenm.eu-west-1.rds.amazonaws.com
gds-ol-book-appnt-prod-ro.prod.eu-west-1.aws.groupondev.com,ol-book-appnt-prod.cluster-ro-cqgqresxrenm.eu-west-1.rds.amazonaws.com
gds-ol-book-appnt-prod-rw.prod.eu-west-1.aws.groupondev.com,ol-book-appnt-prod.cluster-cqgqresxrenm.eu-west-1.rds.amazonaws.com
gds-ol-book-avail-prod-ro.prod.eu-west-1.aws.groupondev.com,ol-book-avail-prod.cluster-ro-cqgqresxrenm.eu-west-1.rds.amazonaws.com
gds-ol-book-avail-prod-rw.prod.eu-west-1.aws.groupondev.com,ol-book-avail-prod.cluster-cqgqresxrenm.eu-west-1.rds.amazonaws.com
gds-ol-book3rdparty-prod-ro.prod.eu-west-1.aws.groupondev.com,ol-book3rdparty-prod.cluster-ro-cqgqresxrenm.eu-west-1.rds.amazonaws.com
gds-ol-book3rdparty-prod-rw.prod.eu-west-1.aws.groupondev.com,ol-book3rdparty-prod.cluster-cqgqresxrenm.eu-west-1.rds.amazonaws.com
gds-orders-msg-prod-ro.prod.eu-west-1.aws.groupondev.com,orders-msg-prod.cluster-ro-cqgqresxrenm.eu-west-1.rds.amazonaws.com
gds-orders-msg-prod-rw.prod.eu-west-1.aws.groupondev.com,orders-msg-prod.cluster-cqgqresxrenm.eu-west-1.rds.amazonaws.com
gds-orders-prod-ro.prod.eu-west-1.aws.groupondev.com,orders-prod.cluster-ro-cqgqresxrenm.eu-west-1.rds.amazonaws.com
gds-orders-prod-rw.prod.eu-west-1.aws.groupondev.com,orders-prod.cluster-cqgqresxrenm.eu-west-1.rds.amazonaws.com
gds-pg-cmk-test-prod-ro.prod.eu-west-1.aws.groupondev.com,pg-cmk-test-prod.cqgqresxrenm.eu-west-1.rds.amazonaws.com
gds-pg-noncore-emea-251-prod-ro.prod.eu-west-1.aws.groupondev.com,pg-noncore-emea-251-prod-1.cqgqresxrenm.eu-west-1.rds.amazonaws.com
gds-pg-noncore-emea-251-prod-rw.prod.eu-west-1.aws.groupondev.com,pg-noncore-emea-251-prod.cqgqresxrenm.eu-west-1.rds.amazonaws.com
gds-pg-noncore-emea-252-prod-ro.prod.eu-west-1.aws.groupondev.com,pg-noncore-emea-252-prod-1.cqgqresxrenm.eu-west-1.rds.amazonaws.com
gds-pg-noncore-emea-252-prod-rw.prod.eu-west-1.aws.groupondev.com,pg-noncore-emea-252-prod.cqgqresxrenm.eu-west-1.rds.amazonaws.com
gds-pg-noncore-emea-253-prod-ro.prod.eu-west-1.aws.groupondev.com,pg-noncore-emea-253-prod-1.cqgqresxrenm.eu-west-1.rds.amazonaws.com
gds-pg-noncore-emea-253-prod-rw.prod.eu-west-1.aws.groupondev.com,pg-noncore-emea-253-prod.cqgqresxrenm.eu-west-1.rds.amazonaws.com
gds-pricing-prod-replica-ro.prod.eu-west-1.aws.groupondev.com,pricing-prod-replica.cluster-ro-cqgqresxrenm.eu-west-1.rds.amazonaws.com
gds-proximity-notify-prod-ro.prod.eu-west-1.aws.groupondev.com,proximity-notify-prod-1.cqgqresxrenm.eu-west-1.rds.amazonaws.com
gds-proximity-notify-prod-rw.prod.eu-west-1.aws.groupondev.com,proximity-notify-prod.cqgqresxrenm.eu-west-1.rds.amazonaws.com
gds-pwa-emea-copy-prod-ro.prod.eu-west-1.aws.groupondev.com,pwa-emea-copy-prod.cluster-ro-cqgqresxrenm.eu-west-1.rds.amazonaws.com
gds-pwa-prod-replica-ro.prod.eu-west-1.aws.groupondev.com,pwa-prod-replica.cluster-ro-cqgqresxrenm.eu-west-1.rds.amazonaws.com
gds-ranger-prod-ro.prod.eu-west-1.aws.groupondev.com,ranger-prod.cluster-ro-cqgqresxrenm.eu-west-1.rds.amazonaws.com
gds-ranger-prod-rw.prod.eu-west-1.aws.groupondev.com,ranger-prod.cluster-cqgqresxrenm.eu-west-1.rds.amazonaws.com
gds-regla-prod-ro.prod.eu-west-1.aws.groupondev.com,regla-prod-1.cqgqresxrenm.eu-west-1.rds.amazonaws.com
gds-regla-prod-rw.prod.eu-west-1.aws.groupondev.com,regla-prod.cqgqresxrenm.eu-west-1.rds.amazonaws.com
gds-rise-prod-ro.prod.eu-west-1.aws.groupondev.com,rise-prod-1.cqgqresxrenm.eu-west-1.rds.amazonaws.com
gds-rise-prod-rw.prod.eu-west-1.aws.groupondev.com,rise-prod.cqgqresxrenm.eu-west-1.rds.amazonaws.com
gds-rocketmanv2-dub-prod-ro.prod.eu-west-1.aws.groupondev.com,rocketmanv2-dub-prod.cluster-ro-cqgqresxrenm.eu-west-1.rds.amazonaws.com
gds-rocketmanv2-dub-prod-rw.prod.eu-west-1.aws.groupondev.com,rocketmanv2-dub-prod.cluster-cqgqresxrenm.eu-west-1.rds.amazonaws.com
gds-rocketmanv2-tr-audit-prod-ro.prod.eu-west-1.aws.groupondev.com,rocketmanv2-tr-audit-prod.cluster-ro-cqgqresxrenm.eu-west-1.rds.amazonaws.com
gds-rocketmanv2-tr-audit-prod-rw.prod.eu-west-1.aws.groupondev.com,rocketmanv2-tr-audit-prod.cluster-cqgqresxrenm.eu-west-1.rds.amazonaws.com
gds-seo-landing-api-prod-ro.prod.eu-west-1.aws.groupondev.com,seo-landing-api-prod.cqgqresxrenm.eu-west-1.rds.amazonaws.com
gds-shop-cart-serv-prod-ro.prod.eu-west-1.aws.groupondev.com,shop-cart-serv-prod.cluster-ro-cqgqresxrenm.eu-west-1.rds.amazonaws.com
gds-shop-cart-serv-prod-rw.prod.eu-west-1.aws.groupondev.com,shop-cart-serv-prod.cluster-cqgqresxrenm.eu-west-1.rds.amazonaws.com
gds-subscription-service-prod-ro.prod.eu-west-1.aws.groupondev.com,subscription-service-prod.cluster-ro-cqgqresxrenm.eu-west-1.rds.amazonaws.com
gds-subscription-service-prod-rw.prod.eu-west-1.aws.groupondev.com,subscription-service-prod.cluster-cqgqresxrenm.eu-west-1.rds.amazonaws.com
gds-third-party-mail-prod-ro.prod.eu-west-1.aws.groupondev.com,third-party-mail-prod-1.cqgqresxrenm.eu-west-1.rds.amazonaws.com
gds-third-party-mail-prod-rw.prod.eu-west-1.aws.groupondev.com,third-party-mail-prod.cqgqresxrenm.eu-west-1.rds.amazonaws.com
gds-tis-prod-ro.prod.eu-west-1.aws.groupondev.com,tis-prod.cqgqresxrenm.eu-west-1.rds.amazonaws.com
gds-tpis-prod-ro.prod.eu-west-1.aws.groupondev.com,tpis-prod-1.cqgqresxrenm.eu-west-1.rds.amazonaws.com
gds-tpis-prod-rw.prod.eu-west-1.aws.groupondev.com,tpis-prod.cqgqresxrenm.eu-west-1.rds.amazonaws.com
gds-tronicon-cms-prod-replica-ro.prod.eu-west-1.aws.groupondev.com,tronicon-cms-prod-replica.cluster-ro-cqgqresxrenm.eu-west-1.rds.amazonaws.com
gds-ugc-prod-ro.prod.eu-west-1.aws.groupondev.com,ugc-prod-1.cqgqresxrenm.eu-west-1.rds.amazonaws.com
gds-ugc-prod-ro.prod.eu-west-1.aws.groupondev.com,ugc-prod-2.cqgqresxrenm.eu-west-1.rds.amazonaws.com
gds-ugc-prod-ro.prod.eu-west-1.aws.groupondev.com,ugc-prod-3.cqgqresxrenm.eu-west-1.rds.amazonaws.com
gds-ugc-prod-rw.prod.eu-west-1.aws.groupondev.com,ugc-prod.cqgqresxrenm.eu-west-1.rds.amazonaws.com
gds-user-behavior-prod-ro.prod.eu-west-1.aws.groupondev.com,user-behavior-prod-1.cqgqresxrenm.eu-west-1.rds.amazonaws.com
gds-user-behavior-prod-rw.prod.eu-west-1.aws.groupondev.com,user-behavior-prod.cqgqresxrenm.eu-west-1.rds.amazonaws.com
gds-users-prod-ro.prod.eu-west-1.aws.groupondev.com,users-prod.cluster-ro-cqgqresxrenm.eu-west-1.rds.amazonaws.com
gds-users-prod-rw.prod.eu-west-1.aws.groupondev.com,users-prod.cluster-cqgqresxrenm.eu-west-1.rds.amazonaws.com
gds-vis-prod-replica-ro.prod.eu-west-1.aws.groupondev.com,vis-prod-replica.cluster-ro-cqgqresxrenm.eu-west-1.rds.amazonaws.com
gds-vis20-emea-prod-ro.prod.eu-west-1.aws.groupondev.com,vis20-emea-prod.cluster-ro-cqgqresxrenm.eu-west-1.rds.amazonaws.com
gds-vis20-emea-prod-rw.prod.eu-west-1.aws.groupondev.com,vis20-emea-prod.cluster-cqgqresxrenm.eu-west-1.rds.amazonaws.com
